Part Number,Description
OPA2356-EP,Enhanced Product 2.5V 200MHz GBW CMOS dual op amp
OPA4187,0.001-µV/°C Drift low power rail-to-rail Output 36-V operational amplifiers zero-drift series
OPA828,36 V High-precision low-noise low bias current JFET-input 50 MHz Op Amp
OPA2210,2.2-nV/√Hz low-power 36-V operational amplifier
OPA1671,13MHz low-noise Rail-to-Rail Input and Output audio operational amplifier
OPA2156,36-V Ultra-Low Noise Wide-Bandwidth Precision Rail-to-Rail Operational Amplifier
OPA462,High-voltage (180-V) high-current (30-mA) operational amplifier G=1 stable
OPA2189,14MHz MUX-friendly low-noise zero-drift RRO CMOS precision operational amplifier
OPA4388,10MHz CMOS Zero-Drift Zero-Crossover True RRIO Precision Operational Amplifier
OPA855,8 GHz Gain Bandwidth Product Decompensated Transimpedance Amplifier with Bipolar Input
OPA187,1µV Vos 0.005µV/°C rail-to-rail output low-power 36V zero-drift operational amplifier
OPA859,1.8 GHz Unity-Gain Bandwidth 3.3 nV/√Hz FET Input Amplifier
THS6301,Single-Channel G.Fast 106MHz 212MHz DSL Line Driver Amplifier
OPA2388,10MHz CMOS Zero-Drift Zero-Crossover True RRIO Precision Operational Amplifier
OPA858,5.5 GHz Gain Bandwidth Product Decompensated Transimpedance Amplifier with FET Input
INA1620,INA1620 High-Fidelity Audio Operational Amplifier With Integrated Thin-Film Resistors
OPA521,2.5A Narrowband Line Driver
OPA2810,High Performance Low Cost Rail-to-Rail Input/Output HV FET Op Amps
OPA2837,Dual Low-Power Precision Rail-to-Rail Output 105MHz Voltage Feedback Amplifier
THS3491,900-MHz High Power Output Current Feedback Amplifier
OPA197-Q1,36-V Precision Rail-to-Rail Input Output Low Offset Voltage Op Amp
OPA2197-Q1,36-V Precision Rail-to-Rail Input Output Low Offset Voltage Op Amp
LMH5401-SP,Radiation Hardness Assured (RHA) 6.5GHz Ultra Wideband Fully Differential Amplifier
OPA207,High Precision Low Noise Low Power Operational Amplifier
OPA192-Q1,Automotive High-Voltage Rail-to-Rail Input/Output Precision Op Amp E-Trim™ Series
OPA1692,SoundPlus™ Low-Power Low-Noise High-Performance Dual Bipolar-Input Audio Op Amp
TLV8541,TLV8541 500 nA RRIO Nanopower Operational Amplifier
OPA2333P,Industry's smallest low-power high-precision dual Op Amp with >300kHz GBW
OPA2192-Q1,Automotive 36-V Precision RRIO Low Offset Voltage Low Input Bias Current Op Amp With e-trim
OPA1642-Q1,Automotive SoundPlus™ High-Performance JFET-Input Audio Op Amps
OPA375,OPAx375 500uV 10-MHz Low Broadband Noise RRO Operational Amplifier
OPA189,14MHz MUX-Friendly Low-noise Zero-Drift RRO CMOS Precision Operational Amplifier
OPA202,Precision Low-Power Low-Noise Heavy Capacitive Drive 36-V Op Amp with SuperBeta Input
TLV3544-Q1,Automotive 250MHz Rail-to-Rail I/O CMOS Quad Operational Amplifier
TLV8542,500 nA RRIO Nanopower Operational Amplifier
LPV821,650nA Precision Zero-Drift Nanopower Amplifier
OPA837,Low Power Precision 105 MHz Voltage Feedback Op Amp
OPA838,1-mA 300-MHz Gain Bandwidth Voltage-Feedback Op Amp
TLV07,36-V Precision Rail-to-Rail Output Operational Amplifier
THS4561,Low Power 70MHz High Supply Range Fully Differential Amplifier
OPA4196,36V Low Power All-Purpose Amplifier with MUX-Friendly Input
OPA196,36V Low Power All-Purpose Amplifier with MUX-Friendly Input
OPA2196,36V Low Power All-Purpose Amplifier with MUX-Friendly Input
OPA1641-Q1,Automotive Sound-Plus High-Performance JFET-Input Audio Op Amps
OPA145,5.5 MHz High Slew Rate Low-Noise Low-power RRO Precision JFET Operational Amplifier
OPA2180-Q1,Automotive-Qualified 0.1 uV/°C Drift Low Noise RRO 36V Zero-Drift Op Amp
OPA180-Q1,Automotive-Qualified 0.1μV/°C Drift Low-Noise RRO 36V Zero-Drift Op Amp
OPA2188-Q1,Automotive-Qualified 0.03µV/°C Drift 6µV Vos Low-Noise RRO 36V Zero-Drift Op Amp
OPA188-Q1,Automotive-Qualified Precision Low-Noise RRO 36V Zero-Drift Operational Amplifier
TLV4376,TLVx376 5.5 MHz Low-Noise Low Quiescent Current Precision Operational Amplifiers
OPA1678,Low Distortion Low Noise General Purpose Audio Op Amp
TLV8544,500 nA Quad RRIO Nanopower Operational Amplifier for Cost-Optimized Systems
OPA1679,Low Distortion Low Noise General Purpose Audio Op Amp
OPA4191,Low-Power Precision 36-V e-trim™­ CMOS Amplifier
OPA4376-Q1,Automotive-Qualified Precision Op Amp With E-Trim Low Quiescent Current and Low Noise
OPA2191,Low-Power Precision 36-V e-trim™­ CMOS Amplifier
OPA2317-Q1,OPAx317-Q1 Low-Offset Rail-to-Rail I/O Operational Amplifier
OPA320-Q1,Automotive Qualified Precision Zero-Crossover 20MHz 0.9pA Ib RRIO CMOS Operational Amplifier
OPA4277-SP,High-precision operational amplifier
THS4552,Dual Channel Low-Noise Precision 150-MHz Fully Differential Amplifier
OPA2187,1µV Vos 0.001µV/°C Rail-to-Rail Output Low-Power 36V Zero-Drift Operational Amplifier
OPA388,10MHz CMOS Zero-Drift Zero-Crossover True RRIO Precision Operational Amplifier
TLV3544,TLV354x 200MHz RRIO CMOS Operational Amplifier
OPA2836-Q1,Automotive Dual Very Low Power Rail to Rail output VFB Op Amp
TLV8801,500 nA Nanopower Operational Amplifier for Cost-Optimized Systems
LPV801,Single Channel 450nA Nanopower Operational Amplifier
TLV8811,425 nA Precision Nanopower Operational Amplifier for Cost-Optimized Systems
LPV811,Single Channel 450nA Precision Nanopower Operational Amplifier
TLV376,TLVx376 5.5 MHz Low-Noise Low Quiescent Current Precision Operational Amplifiers
TLV2376,TLVx376 5.5 MHz Low-Noise Low Quiescent Current Precision Operational Amplifiers
OPA4197,36-V Precision Rail-to-Rail Input Output Low Offset Voltage Op Amp
TLV3541,TLV354x 200MHz RRIO CMOS Operational Amplifier
TLV3542,TLV354x 200MHz RRIO CMOS Operational Amplifier
TLV8812,425 nA Precision Nanopower Operational Amplifier for Cost-Optimized Systems (Dual)
LPV812,Dual Channel 425nA Precision Nanopower Operational Amplifiers
OPA2325,Precision 10-MHz Low-Noise Low-Power RRIO CMOS Zero-Crossover Operational Amplifier
OPA857-DIE,Low-Noise Wideband Selectable-gain Transimpedance Amp
TLV8802,320 nA Nanopower Operational Amplifier for Cost-Optimized Systems
OPA657-DIE,1.6-GHz Low-Noise FET-Input Operational Amplifier
LPV802,Dual Channel 320nA Nanopower Operational Amplifier
OPA2197,36-V Precision Rail-to-Rail Input Output Low Offset Voltage Op Amp
THS4551,Low Noise Precision 150MHz Fully Differential Amplifier
OPA317-Q1,Automotive-Qualified Operational Amplifier with Low-Offset RRIO and Low Current Consumption
OPA2626,High-Bandwidth High-Precision Low THD+N 16-Bit and 18-Bit ADC Drivers
TLV4379,Low-Voltage 4-uA Rail-to-Rail I/O Operational Amplifier for Cost-Sensitive Systems
LMH2832,Fully-Differential Dual 1.1 GHz Digital Variable Gain Amplifier
TLV2369,800-nA 1.8-V Rail-to-Rail I/O Op Amp with Zero-Crossover Distortion for Cost-Sensitive Application
TLV369,800-nA 1.8-V Rail-to-Rail I/O Op Amp with Zero-Crossover Distortion for Cost-Sensitive Application
TLV2379,Low-Voltage 4-uA Rail-to-Rail I/O Operational Amplifiers for Cost-Sensitive Systems
TLV521,350-nA Nanopower Single RRIO CMOS Input Operational Amplifier for Cost-Sensitive Systems
TLV522,500-nA Nanopower Dual RRIO CMOS-Input Operational Amplifier for Cost-Sensitive Systems
THS6212,High Speed Differential Line Driver Amplifier
TLV379,Low-Voltage 4-μA Rail-to-Rail I/O Operational Amplifier for Cost-Sensitive Systems
THS3215,DC to 650-MHz Differential-to-Single-Ended DAC Output Amplifier
THS3217,DC to 800-MHz Differential-to-Single-Ended DAC Output Amplifier
OPA197,36-V Precision Rail-to-Rail Input Output Low Offset Voltage Op Amp
TLV333,350 kHz Low-Noise RRIO CMOS Operational Amplifier for Cost-Sensitive Systems
OPA2376-Q1,Low Noise Low Quiescent Current Precision Operational Amplifier e-trim/trade
TLV2333,350 kHz Low-Noise RRIO CMOS Operational Amplifier for Cost-Sensitive Systems
THS4541-Q1,Automotive High-Speed Differential I/O Amplifier
TLV4333,350 kHz Low-Noise RRIO CMOS Operational Amplifier for Cost-Sensitive Systems
OPA191,Low-Power Precision 36-V e-trim CMOS Amplifier
OPA1622,SoundPlus™ Audio Operational Amplifier with High Performance Low THD+N and Bipolar Input
OPA2211-EP,1.1 nV/√Hz Noise Low Power Precision Operational Amplifier
OPA1612-Q1,Automotive 1.1nV/√Hz Noise Low Power Precision Audio Operational Amplifier
OPA2625,High-Bandwidth High-Precision Low THD+N 16-Bit and 18-Bit ADC Drivers
OPA4192,Low-Noise Low Quiescent Current 36V RRI/O Precision Op Amps E-Trim™ Series
OPA1688,36V 10MHz Low Distortion High Drive Rail-to-Rail Output Audio Operational Amplifiers
OPA4354-Q1,Automotive 250MHz Rail-to-Rail I/O CMOS Quad Operational Amplifier
LMH6401,4.5 GHz Ultra Wideband Digital Variable Gain Amplifier
OPA625,High Bandwidth High Precision Low Noise & Distortion Amplifier SAR ADC Driver with Power Scaling
LPV542,Nanopower 480 nA 1.6 V RRIO Dual CMOS input op amp
ALM2402-Q1,Dual Opamp with High Current Output
OPA2192,36-V Precision RRIO Low Offset Voltage Low Input Bias Current Op Amp With e-trim
DRV2700,DRV2700 High Voltage Driver with Integrated Boost Converter
OPA2277-EP,Enhanced Product High Precision Operational Amplifier
OPA4277-EP,Enhanced Products High Precision Operational Amplifiers
LMH5401,8GHz Ultra Wideband Fully Differential Amplifier
OPA2320-Q1,Automotive Qualified Precision Zero-Crossover 20MHz 0.9pA Ib RRIO CMOS Operational Amplifier
LMH3401,7-GHz Ultra-Wideband Fully Differential Amplifier
THS4541,High-Speed Differential I/O Amplifier
OPA180,0.1-μV/°C Drift Low-Noise Rail-to-Rail Output 36-V Zero-Drift Operational Amplifier
THS6226A,Gated Class H Dual Port VDSL2 Line Driver
OPA830-EP,Low-Power Single-Supply Wideband Operational Amplifier
OPA355-Q1,Automotive 2.5V 200MHz GBW CMOS Single Op Amp With Shutdown
OPA857,Ultralow-Noise Wideband Pseudo-Differential Output Transimpedance Amplifier
OPA192,High-Voltage Rail-to-Rail Input/Output 5µV 0.2µV/˚C Precision Operational Amplifier
AFE032,Power Line Communications Analog Front End
OPA1S2384,250-MHz CMOS Transimpedance Amplifier (TIA) with Integrated Switch and Buffer
OPA2211-HT,1.1nV/rtHz Noise Low Power Precision Opamp
OPA1S2385,250-MHz CMOS Transimpedance Amplifier (TIA) with Integrated Switch and Buffer
OPA317,Low Offset Rail-to-Rail I/O Operational Amplifier
OPA4317,Quad Low Offset Rail-to-Rail I/O Operational Amplifier
OPA4180,0.1 uV/C Drift Quad Low Noise Rail-to-Rail 36V Zero Drift Op Amp
OPA2317,Dual Low Offset Rail-to-Rail I/O Operational Amplifier
THS4500-EP,Enhanced Product Wideband Low-Distortion Fully Differential Amplifier
OPA188,Precision Low-Noise Rail-to-Rail Output 36V Zero-Drift Operational Amplifier
THS4532,Dual Ultra low power 0.25mA RRO fully differential amplifier
LMH6523,High performance Quad DVGA with quick power down mode
THS4531A,Ultra Low Power RRO Fully-Differential Amplifier
LMH6619-Q1,Automotive Dual 130 MHz 1.25 mA RRIO Operational Amplifiers
OPA1662-Q1,Automotive Sound Plus Low-Power Low-Noise and Distortion Audio Op Amp
OPA1664,Sound Plus Low-Power Low-Noise and Distortion Audio Op Amps
LMH6881,2.4GHz Programmable Differential Amplifier with Gain Control
LMH6882,2.4 GHz Dual Programmable Differential Amplifier with Gain Control
OPA4188,0.03µV/C Low Noise Rail-to-Rail Output 36V Zero-Drift Operational Amplifier
OPA211-EP,Enhanced Product 1.1nV/rtHz Noise Low Power Precision Operational Amplifier
THS4524-EP,Enhanced Product very low power quad channel rail-to-rail output fully differential amplifier
OP07,Precision Operational Amplifier
OPA549-HIREL,High-Voltage High-Current Operational Amplifier
OPA2365-Q1,Automotive 2.2V 50MHz Low-Noise Single-Supply Rail-to-Rail Operational Amplifiers
OPA2227-EP,Enhanced Product High Precision Low Noise Operational Amplifier
OPA1654,Sound Plus Low Noise and Distortion General-Purpose FET-Input Audio Op Amps
LMH6642Q-Q1,Low power 130MHz 75mA Rail to Rail Output Amp
AFE030,Powerline Communications Analog Front-End
OPA1662,Sound Plus Low-Power Low-Noise and Distortion Audio Op Amps
OPA1652,Sound Plus Low Noise and Distortion General-Purpose FET-Input Audio Op Amps
LMH6643Q-Q1,130MHz 75mA Rail to Rail Output Amplifier
OPA820-HT,High Temp Unity-Gain Stable Low Noise Voltage-Feedback Operational Amplifier .
OPA2180,0.1 uV/°C DRIFT Low Noise Rail-to-Rail Output 36V Zero-Drift Op Amp
OPA1604,OPA1602 OPA1604 SoundPlus High-Performance Bipolar-Input Audio Op Amp
TLE2141-Q1,Automotive Low-Noise High-Speed Precision Op Amps
OPA2836,Dual Very Low Power Rail to Rail out Negative Rail in VFB Op Amp
AFE031,Powerline Communications Analog Front End
OPA2835,Dual Ultra Low Power Rail to Rail Out Negative Rail In VFB Amplifier
LMH6551Q-Q1,Differential High Speed Op Amp
OPA320,Precision Zero-Crossover 20MHz 0.9pA Ib RRIO CMOS Operational Amplifier
LMP8672,Dual 40V Low Noise Precision Amplifiers
OPA365-EP,Enhanced Product 2.2V 50MHz Low-Noise Single-Supply Rail-to-Rail Op Amp
LMH6522,High Performance Quad DVGA
OPA2188,0.03µV/°C 6µV Vos Low Noise Rail-to-Rail Output 36V Zero-Drift Operational Amplifier
LMH6521,High Performance Dual DVGA
OPA564-Q1,Automotive 1.5A 24V 17MHz Power Operational Amplifier
OPA1602,OPA1602 OPA1604 SoundPlus High-Performance Bipolar-Input Audio Op Amp
SM73308,Low Offset Low Noise RRO Operational Amplifiers
SM73307,Dual Precision 17 MHz Low Noise CMOS Input Amplifier
OPA835,Ultra Low Power Rail to Rail Out Negative Rail In VFB Amplifier
OPA836,Very Low Power Rail to Rail out Negative Rail in VFB Op Amp
THS4521-HT,High Temperature Very Low Power Negative Rail Input Rail-to-Rail Output Differential Amp
TLV2402-Q1,Automotive Dual MicroPower RRIO Operational Ampl with Wide Volt. Supp Range and High CMRR
OPA376-Q1,Automotive Precision Low Noise Low Iq Operational Amplifier
TLC2201-SP,Space Low Noise Precision Advanced LinCMOS™ Single Operational Amplifier
THS6226,Class H Fixed Gain VDSL2 Dual Port Low-Power xDSL Line Driver
OPA2234M,Low Power Precision Single-Supply Operational Amplifiers
SM73302,88 MHz Precision Low Noise 1.8V CMOS Input Decompensated Operational Amplifier
OPA4140,11MHz Single Supply Low Noise Precision Rail-to-Rail Output JFET Amplifier
RC4580-Q1,Automotive Catalog Dual Audio Operational Amplifier
TLV2434A-Q1,Automotive Advanced LinCMOS Rail-to-Rail Output Wide-Input-Voltage Operational Amplifiers
THS770012,High-Speed Fully Differential ADC Driver Amplifier with 10 to 13 dB Selectable Gain
OPA4209,2.2nV/rtHz 18MHz Precision RRO 36V Operational Amplifier
OPA209,2.2nV/rtHz 18MHz Precision RRO 36V Operational Amplifier
OPA2320,Precision Zero-Crossover 20MHz 0.9pA Ib RRIO CMOS Operational Amplifier
OPA140,11MHz Single Supply Low Noise Precision Rail-to-Rail Output JFET Amplifier
OPA377,Low-Cost Low Noise 5.5MHz CMOS Operational Amplifier
OPA2670,Single Port High Output Current VDSL2 Line Driver with Power Control
OPA2140,11MHz Precision Low Noise Rail-to-Rail Output 36V JFET Operational Amplifier
OPA2209,2.2nV/rtHz 18MHz Precision RRO 36V Operational Amplifier
THS770006,High-Speed Fully Differential ADC Driver Amplifier with +6dB Fixed Gain
OPA4330,1.8V 35µA microPower Precision Zero Drift CMOS Op Amp
OPA333-Q1,Automotive 1.8V 17uA 2uV microPOWER CMOS Zero-Drift Series Operational Amplifier
OPA1644,OPA1641/1642/1644 SoundPLUS™ High-Performance JFET-Input Audio OpAmps
LMP7312,Precision SPI-Programmable AFE with Differential/Single-Ended Input/Output
OPA365-Q1,Automotive 2.2V 50MHz Low-Noise Single-Supply Rail-to-Rail Operational Amplifier
LMH6517,Low Power Low Noise IF and Baseband Dual 16 bit ADC Driver With Digitally Controlled Gain
OPA1641,Sound-Plus High-Performance JFET-Input Audio OpAmps
OPA1642,Sound-Plus High-Performance JFET-Input Audio OpAmps
PGA870,High-Speed Fully Differential Programmable Gain Amplifier
LMH6554,2.8 GHz Ultra Linear Fully Differential Amplifier
OPA564,1.5A 24V 17MHz Power Operational Amplifier
OPA2378,Low-Noise 900kHz RRIO Precision Operational Amplifier Zerø-Drift Series
LMV841-Q1,CMOS Input RRIO Wide Supply Range Operational Amplifiers
OPA211-HT,High Temperature 1.1nV/rtHz Noise Low Power Precision Operational Amplifier
OPA2354A-Q1,Automotive 250MHz Rail-to-Rail I/O CMOS Dual Operational Amplifier
LPV521,Nanopower 350 nA 1.6 V RRIO Single CMOS input op amp
LMV844-Q1,Quad CMOS Input RRIO Wide Supply Range Quad Operational Amplifiers
OPA1611,1.1nV/√Hz Noise Low Power Precision Operational Amplifier
OPA1612,SoundPlus™ Audio Operational Amplifier with 1.1nV/√Hz Noise Low THD and Precision
LMV842-Q1,Dual CMOS Input RRIO Wide Supply Range Quad Operational Amplifiers
OPA2333-HT,High Temperature 1.8-V Micropower CMOS Operational Amplifier Zero-Drift Series
THS6214,Dual Port VDSL2 Line Driver Amplifier
OPA378,Low-Noise 900kHz RRIO Precision Operational Amplifier Zerø-Drift Series
OPA354A-Q1,Automotive 250MHz Rail-to-Rail I/O CMOS Single Operational Amplifier
OPA2211A,1.1nV/rtHz Noise Low Power Precision Operational Amplifier
LMH6629,Ultra-Low Noise High-Speed Operational Amplifier with Shutdown
OPA356-Q1,Automotive Catalog 2.5V 200MHz GBW CMOS Single Op Amp
THS4524,Very low power quad channel rail-to-rail output fully differential amplifier
TLV2262A-Q1,Automotive Catalog Advanced LinCMOS Rail-to-Rail Operational Amplifier
TLV2264A-Q1,Automotive Catalog Advanced LinCMOS Rail-to-Rail Operational Amplifier
OPA2333-Q1,Automotive catalog 1.8V 17uA 2uV microPOWER CMOS Zero-Drift Series Operational Amplifier
THS4521,Very low power rail-to-rail output fully differential amplifier
THS4522,Very low power dual channel rail-to-rail output fully differential amplifier
OPA653,500MHz Fixed Gain of +2V/V JFET input amplifier
OPA659,650MHz unity gain stable JFET input amplifier
OPA369,1.8V 700nA Zero-Crossover Rail-To-Rail I/O Operational Amplifier
THS4032-EP,Enhanced Product 100-MHz Low-Noise High-Speed Amplifiers
LT1014D-EP,Enhanced Product Quad Precision Operational Amplifier
THS4509-Q1,Automotive Catalog Wideband Operational Amplifier
LMP2022,Zero Drift Low Noise EMI Hardened Amplifier
LMH6518,900 MHz Digitally Controlled Variable Gain Amplifier
LMH6722-Q1,Quad Wideband Video Op Amp
OPA330,1.8V 35µA microPower Precision Zero Drift CMOS Op Amp
OPA2330,1.8V 35µA microPower Precision Zero Drift CMOS Op Amp
OPA340-EP,Enhanced Product Single-Supply Rail-to-Rail Operational Amplifiers MicroAmplifier™ Series
OPA827,Low-Noise High-Precision JFET-Input Operational Amplifier
LMH6553,900 MHz Fully Differential Amplifier with Output Limiting Clamp
THS6204,Dual Port VDSL2 Line Driver Amplifier
OPA2673,Dual Wideband High Output Current Operational Amplifier with Active Off-line Control
LMP7716-Q1,Dual Precision 17 MHz Low Noise CMOS Input Amplifier
TLE2141-EP,Enhanced Product Excaliber Low-Noise High-Speed Precision Operational Amplifier
TLE2024A-Q1,Automotive High-Speed Low-Power Precision Op Amps
LME49726,High Current Low Distortion Rail-to-Rail Output Audio Operational Amplifier
OPA2695,Ultra-Wideband Current-Feedback Operational Amplifier with Disable
OPA3695,Ultra-Wideband Current-Feedback Operational Amplifier with Disable
THS4511-SP,Rad-Tolerant Class V Wideband Fully Differential Amplifier
THS4513-SP,Rad-Tolerant Class V Wideband Fully Differential Amplifier
LME49743,Quad High Performance High Fidelity Audio Operational Amplifier
THS4304-SP,Rad-Tolerant Class V Wideband Operational Amplifier
LME49724,High Performance High Fidelity Fully-Differential Audio Operational Amplifier
LMH6612,Single Supply Dual 345 MHz Rail-to-Rail Output Amplifier
LMH6514,600 MHz Digital Controlled Variable Gain Amplifier
OPA454,High Voltage (100V) High-Current (50mA) Operational Amplifiers G=1 Stable
OPA2890,Dual Low Power Wideband Voltage Feedback Operational Amplifier with Disable
VCA821,Wideband > 40dB Adjust Range Linear in dB Variable Gain Amplifier
LME49723,Dual High Fidelity Audio Operational Amplifier
LMH6611,Single Supply 345 MHz Rail-to-Rail Output Amplifier
VCA824,Wideband 420MHz >40dB Gain Adjust Range Linear in V/V Variable Gain Amplifier
LMV842,Dual CMOS Input RRIO Wide Supply Range Quad Operational Amplifiers
LMH6619,Dual 130 MHz 1.25 mA RRIO Operational Amplifiers
VCA820,150MHz BW with linear in dB gain control variable gain amplifier
VCA822,Wideband >40dB Gain Adjust Range Linear in V/V Variable Gain Amplifier
OPA2369,1.8V 700nA Zero-Crossover Rail-To-Rail I/O Operational Amplifier
LME49721,High Performance High Fidelity Rail-to-Rail Input/Output Audio Operational Amplifier
OPA211,1.1nV/rtHz Noise Low-Power Precision Operational Amplifier
OPA2376,Precision Low Noise Low Quiescent Current Operational Amplifier
OPA4376,Precision Low Noise Low Quiescent Current Operational Amplifier
LME49600,High Performance High Fidelity High Current Audio Buffer
LMP7732,2.9nV/sqrt(Hz) Low Noise RRIO Amplifier
TL971,Output Rail-to-Rail Very-Low-Noise Operational Amplifier
LMV641,10 MHz 12V Low Power Amplifier
TLE2022A-Q1,Automotive Excalibur High-Speed Low-Power Precision Operational Amplifiers
TL972,Output Rail-to-Rail Very-Low-Noise Operational Amplifier
LMP7718,88 MHz Precision Low Noise 1.8V CMOS Input Decompensated Operational Amplifier
LMV794,88 MHz Low Noise 1.8V CMOS Input Decompensated Operational Amplifiers
LMP7731,2.9 nV/sqrt(Hz) Low Noise Precision  RRIO Amplifier
TLE2027-EP,Enhanced Product Excalibur Low-Noise High-Speed Precision Operational Amplifier
OPA376,Precision Low Noise Low Iq Operational Amplifier
LMP7708,Precision CMOS Input RRIO Wide Supply Range Decompensated Amplifier
LMP7709,Precision CMOS Input RRIO Wide Supply Range Decompensated Amplifier
TLV2444A-Q1,Automotive Advanced LinCMOS Rail-to-Rail Output Wide-Input-Voltage Operational Amplifiers
OPA2889,Dual Low Power Wideband Voltage Feedback Operational Amplifier with Disable
TLE2141M-D,High Speed High Drive Precision Operational Amplifier
OPA890,Low Power Wideband Voltage Feedback Operational Amplifier with Disable
LMP2021,Zero Drift Low Noise EMI Hardened Amplifier
LMP7707,Precision CMOS Input RRIO Wide Supply Range Decompensated Amplifier
OPA2333A-EP,Enhanced Product 1.8 V Micropower Cmos Operational Amplifiers Zero-Drift Series
LMP2012QML-SP,Dual High Precision Rail-to-Rail Output Operational Amplifier
OPA333A-EP,Enhanced Product 1.8 V Micropower Cmos Operational Amplifiers Zero-Drift Series
LMV793,88 MHz Low Noise 1.8V CMOS Input Decompensated Operational Amplifiers
LMP7717,88 MHz Precision Low Noise 1.8V CMOS Input Decompensated Operational Amplifier
LMV844,Quad CMOS Input RRIO Wide Supply Range Quad Operational Amplifiers
OPA4830,Quad Low-Power Single-Supply Wideband Operational Amplifier
LME49860,44V Dual High Performance High Fidelity Audio Operational Amplifier
OPA3832,Triple Low-Power High-Speed Fixed-Gain Operational Amplifier
OPA3693,TripleUltra-WidebandFixed Gain Video Buffer with Disable
LMV841,CMOS Input RRIO Wide Supply Range Operational Amplifiers
LMP7721,3 Femtoampere Input Bias Current Precision Amplifier
MC33078-EP,Enhanced Product Dual High-Speed Low-Noise Operational Amplifier
OPA2727,e-trim™20MHz High Precision CMOS Operational Amplifier
OPA4727,e-trim™ 20MHz High Precision CMOS Operational Amplifier
OPA4379,1.8V 2.9uA 90kHz Rail-to-Rail I/O Operational Amplifiers
OPA2365,2.2V 50MHz Low-Noise Single-Supply Rail-to-Rail Operational Amplifiers
THS4520,Rail-to-Rail Output Wideband Fully Differential Amplifier
LMP2231,Single Micropower 1.6V Precision Operational Amplifier with CMOS Inputs
LMP2232,Dual Micropower 1.6V Precision  Operational Amplifier with CMOS Input
LMH6552,1.5 GHz Fully Differential Amplifier
LMP2234,Quad Micropower 1.6V Precision Operational Amplifier with CMOS Input
TL974,Output Rail-to-Rail Very-Low-Noise Operational Amplifier
LM4562,Dual High-Performance Audio Operational Amplifier with Ultra Low Distortion
LMH6733,Single Supply 1.0 GHz Triple Operational Amplifier
OPA365,2.2V 50MHz Low-Noise Single-Supply Rail-to-Rail Operational Amplifier
OPA336-EP,Enhanced Product Single-Supply Micropower Cmos Operational Amplifiers Microamplifier(Tm)
TLV4113-EP,Enhanced Product Dual High Output Drive Operational Amplifier With Shutdown
LMP7702,Precision CMOS Input RRIO Wide Supply Range Amplifiers
LMP7715,Single Precision 17 MHz Low Noise CMOS Input Amplifier
LMP7716,Dual Precision 17 MHz Low Noise CMOS Input Amplifier
LMH6321,300 mA High Speed Buffer with Adjustable Current Limit
OPA333,1.8V 17µA microPower precision zero-drift CMOS op amp
OPA2333,1.8V 17µA 2 channels microPower Precision Zero Drift CMOS Op Amp
LMH6618,Single 130 MHz 1.25 mA RRIO Operational Amplifiers
LMP7704,Precision CMOS Input RRIO Wide Supply Range Amplifiers
LMH6505,Wideband Low Power Linear-in-dB Variable Gain Amplifier
OPA379,1.8V 2.9uA 90kHz Rail-to-Rail I/O Operational Amplifier
OPA2379,Dual 1.8V 2.9uA RR I/O Operational Amplifier
LMP7701,Precision CMOS Input RRIO Wide Supply Range Amplifier
BUF602,High Speed Closed Loop Buffer
OPA567,Rail-to-Rail I/O 2A Power Amplifier
THS4508,Wideband Fully Differential Amplifier
THS4511,Wideband Low Noise Low Distortion Fully Differential Amplifier
THS4513,Wideband Low Noise Low Distortion Fully Differential Amplifier
LMP7712,Dual Precision 17 MHz Low Noise CMOS Input Amplifier
LPV511,micropower Rail-to-Rail Input and Output Operational Amplifier
LMH6702QML-SP,1.7 GHz Ultra Low Distortion Wideband Op Amp
OPA2300,Low-Noise High-Speed 16-Bit Accurate CMOS Operational Amplifier
OPA2301,Low-Noise High-Speed 16-Bit Accurate CMOS Operational Amplifier
LMP7711,Single Precision 17 MHz Low Noise CMOS Input Amplifier
LMH6515,600 MHz Digital Controlled Variable Gain Amplifier
OPA2832,Dual Low Power High-Speed  Fixed Gain Operational Amplifier
OPA2830,Dual Low-Power Single-Supply Wideband Operational Amplifier
THS4503-EP,Enhanced Product Wideband Low-Distortion Fully Differential Amplifier
THS6184,xDSL Line Drivers
THS4271-EP,Enhanced Product Low Noise High Slew Rate Unity Gain Stable Voltage Feedback Amplifier
LMP2012,Dual High Precision Rail-to-Rail Output Operational Amplifier
LMH6551,Differential High Speed Op Amp
THS4509,Wideband Operational Amplifier
MC33078,Dual High-Speed Low-Noise Operational Amplifier
THS4631,High Speed FET-Input Operational Amplifier
LMH6703,1.2 GHz Low Distortion Op Amp with Shutdown
LMH6601,250 MHz 2.4V CMOS Operational Amplifier with Shutdown
LMH6601-Q1,250 MHz 2.4V CMOS Operational Amplifier with Shutdown
LMP2011,Single High Precision Rail-to-Rail Output Operational Amplifier
LMP2014MT,Quad High Precision Rail-to-Rail Output Operational Amplifier
OPA4820,Quad Unity-Gain Low-Noise Voltage-Feedback Operational Amplifier
LMH6550,Differential High Speed Op Amp
OPA2694,Dual Wideband Low Power Current Feedback Operational Amplifier
OPA694,WideBand Low-Power Current Feedback Amplifier
OPA358,3V Single Supply 80MHz High-Speed Op Amp in SC70
OPA727,e-trim 20MHz High Precision CMOS Operational Amplifier
OPA728,e-trim 20MHz High Precision CMOS Operational Amplifier
OPA2381,Precision Low Power Transimpedance Amplifier
TLC2264A-Q1,Automotive Catalog Rail-to-Rail Very Low Power Operational Amplifier
OPA830,Low-Power Single-Supply Operational Amplifier
OPA832,Low-Power Single-Supply Fixed-Gain Video Buffer Amplifier
OPA381,Precision Low Power High-Speed Transimpedance Amplifier
THS4304,Wideband Operational Amplifier
OPA820,Unity Gain StableLow NoiseVoltage Feedback Operational Amplifier
OPA2614,Dual High Gain Bandwidth High Output Current Operational Amplifier with Current Limit
OPA2380,High Speed Precision Transimpedance Amplifier
THS4041-Q1,Automotive Catalog 165-MHz C-Stable High Speed Amplifer
THS4281,Very Low-Power High Speed Rail-To-Rail Input/Output Voltage Feedback Operational Amplifier
TLE2021-Q1,Automotive Excalibur High-Speed Low-Power Precision Operational Amplifiers
TLE2021-EP,Enhanced Product Precision Low-Power Single Supply Operational Amplifier
TLE2021A-EP,Enhanced Product Excalibur High-Speed Low-Power Precision Operational Amplifiers
TLE2021A-Q1,Automotive Excalibur High-Speed Low-Power Precision Operational Amplifiers
TLE2022-Q1,Automotive Excalibur High-Speed Low-Power Precision Operational Amplifiers
TLE2022-EP,Enhanced Product Excalibur High-Speed Low-Power Precision Operational Amplifiers
TLE2022A-EP,Enhanced Product Excalibur High-Speed Low-Power Precision Operational Amplifiers
TLE2024A-EP,Enhanced Product Excalibur High-Speed Low-Power Precision Op Amps
OPA2613,Dual Wideband High-Output Current Operational Amplifier with Current Limit
OPA380,High Speed Precision Transimpedance Amplifier
OPA2846,Dual Wideband Low-Noise Voltage-Feedback Operational Amplifier
LMH6704,650 MHz Selectable Gain Buffer with Disable
TLC2254A-Q1,Automotive Advanced LinCMOS Rail-to-Rail Very Low-Power Operational Amplifier
THS3092,Dual- High-Voltage Low Distortion Current-Feedback Operational Amplifier
THS3096,Dual- High-Voltage Low Distortion Current-Feedback Operational Amplifier with Power-down
OPA2735,0.05uV/degC(max) single-supply CMOS Operational AMplifier Zero-Drift Series
OPA2734,0.05uV/degC (max) single-supply CMOS Operational Amplifier Zero-Drift Series
TLV2252A-Q1,Automotive Advanced LinCMOS™ Rail-to-Rail Very Low-Power Operational Amplifier
TLC2252A-Q1,Automotive Catalog Advanced LinCMOS Rail-to-Rail Very Low-Power Operational Amplifier
TLV2254A-Q1,Automotive Advanced LinCMOS™ Rail-to-Rail Very Low-Power Operational Amplifier
TLE2301,Excalibur 3-State-Output Wide-Bandwidth Power Operational Amplifier
OPA1632,Fully Differential I/O Audio Amplifier
TLC2252A-EP,Enhanced Product Advanced Lincmos Rail-To-Rail Very Low Power Operational Amplifiers
TLV2252A-EP,Enhanced Product Advanced Lincmos(Tm) Rail-To-Rail Very Low-Power Operational Amplifiers
TLC2254A-EP,Enhanced Product Advanced Lincmos Rail-To-Rail Very Low-Power Operational Amplifiers
TLV2254A-EP,Enhanced Product Advanced Lincmos(Tm) Rail-To-Rail Very Low-Power Operational Amplifiers
OPA735,0.05uV/degC (max) Single-Supply CMOS Zero-Drift Series Operational Amplifier
OPA734,0.05uV/degC (max) Single-Supply CMOS Zero-Drift Operational Amplifier
OPA695,Ultra-Wideband Current-Feedback Operational Amplifier with Disable
OPA301,Low-Noise High-Speed16-Bit Accurate CMOS Operational Amplifier
TLC2274A-Q1,Automotive Catalog Advanced LinCMOS™ Rail-to-Rail Operational Amplifiers
TLC2274A-EP,Enhanced Product Advanced Lincmos(Tm) Rail-To-Rail Operational Amplifiers
THS4303,Wideband Fixed-Gain Amplifier
OPA4684M,Military Quad Low-Power Current Feedback Operational Amplifier
OPA693,Ultra-Wideband Fixed Gain Video Buffer Amplifier with Disable
OPA699,OPA699 Wideband High Gain Voltage Limiting Amplifier
OPA698,Unity Gain Stable Wideband Voltage Limiting Amplifier
TLE2037A-Q1,Automotive Excalibur Low-Noise High-Speed Precision Operational Amplifiers
LMH6739,Very Wideband Low Distortion Triple Video Buffer
LMH6503,Wideband Low Power Linear Variable Gain Amplifier
THS3091,Single- High-Voltage Low Distortion Current-Feedback Operational Amplifier
THS3095,Single- High-Voltage Low Distortion Current-Feedback Operational Amplifier with Power-down
THS3111,Single Low Noise High Voltage Current-Feedback Amplifier
THS3110,Single Low Noise High Voltage Current-Feedback Amplifier with Power-down
THS3120,Single Low Noise High Output Drive 475mA Current-Feedback Amplifier with Power-down
THS3121,Single Low Noise High Output Drive 475mA Current-Feedback Amplifier
LMH6738,Very Wideband Low Distortion Triple Op Amp
TLV2442A-Q1,Automotive Advanced LinCMOS Rail-to-Rail Output Wide-Input-Voltage Operational Amplifiers
TLV2432A-Q1,Automotive Advanced LinCMOS Rail-to-Rail Output Wide-Input-Voltage Operational Amplifiers
LMH6609,900MHz Voltage Feedback Op Amp
LMH6723,Single/Dual 370 MHz 1 mA Current Feedback Op Amp
OPA2674,Dual Wideband High Output Current Operational Amplifer with Current Limit
THS7530,Fully Differential Continuously Variable Gain Amplifier
OPA847,Wideband Ultra-Low NoiseVoltage Feedback Operational Amplifier with Shutdown
OPA300,High Speed Low Noise Single Supply CMOS Operational Amplifier
LMH6628QML-SP,Dual Wideband Low Noise Voltage Feedback Op Amp
LMH6626,Single/ Dual Ultra Low Noise Wideband Operational Amplifier
SN10502,Low-Distortion High-Speed Rail-to-Rail Output Operational Amplifiers
LMH6715QML-SP,Dual Wideband Video Op Amp
LMH6715QML,Dual Wideband Video Op Amp
LMH6628QML,Dual Wideband Low Noise Voltage Feedback Op Amp
THS6182,Low Power Dissipation ADSL Line Driver
LMH6559,High-Speed Closed-Loop Buffer
RC4580,Dual Audio Operational Amplifier
SN10501,Low-Distortion High-Speed Rail-to-Rail Output Operational Amplifiers
OPA846,Wideband Low Noise Voltage Feedback Operational Amplifier
SN10503,Low-Distortion High-Speed Rail-to-Rail Output Operational Amplifiers
TLC2272A-Q1,Automotive Catalog Advanced LinCMOS™ Rail-to-Rail Operational Amplifiers
LMH6722,Quad Wideband Video Op Amp
LMV2011,High Precision Rail-to-Rail Output Operational Amplifier
LMH6732,High Speed Op Amp with Adjustable Bandwidth
LMH6724,Single/Dual 370 MHz 1 mA Current Feedback Op Amp
THS4221,Low-Distortion High-Speed Rail-to-Rail Output Operational Amplifier
THS4225,Low-Distortion High-Speed Rail-to-Rail Output Operational Amplifier
OPA569,Power Op Amp Output Signal Swings Within 200mV of Rails at 2A Output Current
OPA843,Wideband Low Distortion Medium Gain Voltage Feedback Operational Amplifier
OPA842,Wideband Low Distortion Unity Gain Stable Voltage Feedback Operational Amplifier
THS4302,Wideband Fixed Gain Amplifier
OPA2683,Very Low Power Dual Current Feedback Operational Amplifier
LMH6682,190MHz Single Supply Dual and Triple Operational Amplifiers
LMH6714,Single Wideband Video Op Amp
LMH6720,Single Wideband Video Op Amp with Shutdown
LMH6683,190MHz Single Supply Dual and Triple Operational Amplifiers
LMH6702,1.7 GHz Ultra Low Distortion Wideband Op Amp
TLC2272A-EP,Enhanced Product Advanced Lincmos(Tm) Rail-To-Rail Dual Operational Amplifier
OPA4684,Quad Low-Power Current Feedback Operational Amplifier
OPA3684,Low-Power Triple Current Feedback Operational Amplifier with Disable
THS4211,Ultra-Low-Distortion High-Speed Operational Amplifier with Shutdown
THS4215,High-Speed Ultra-Low-Distortion Operational Amplifier with Shutdown
THS4271,Super-Fast Ultra-Low Distortion High Speed Amplifier
THS4275,Super-Fast Ultra-Low Distortion High Speed Amplifier with Shutdown
THS4222,Low-Distortion High-Speed Rail-to-Rail Output
THS4226,Low-Distortion High-Speed Rail-to-Rail Output with Shutdown
LMH6658,270MHz Single Supply Single & Dual Operational Amplifiers
LMH6657,270MHz Single Supply Single & Dual Operational Amplifiers
THS4505,Wideband Low-Distortion Fully Differential Amplifier
THS4504,Wideband Low Distortion Fully Differential Amplifier with Shutdown
THS3062,High-Voltage High Slew-Rate Current Feedback Amplifier
THS3061,High-Voltage High Slew-Rate Current Feedback Amplifier
OPA334,0.05uV/C max Single-Supply CMOS Operational Amplifier
OPA335,0.05uV/C max Single-Supply CMOS Operational Amplifier
OPA2335,0.05uV/C max Single-Supply CMOS Operational Amplifier
OPA2690,Dual Wideband Voltage Feedback Operational Amplifier with Disable
OPA2334,0.05uV/C max Single-Supply CMOS Operational Amplifier
OPA2684,Dual Low Power Current Feedback Operational Amplifier
OPA357,250MHz Rail-to-Rail I/O Single CMOS Operational Amplifier w/Shutdown
OPA354,250MHz Rail-to-Rail I/O CMOS Single Operational Amplifier
LMH6715,Dual Wideband Video Op Amp
LMH6628,Dual Wideband Low Noise Voltage Feedback Op Amp
LM7171QML-SP,Very High Speed High Output Current Voltage Feedback Amplifier
OPA683,Very Low Power Current Feedback Amplifier with Disable
THS4500,High-Speed Fully Differential Amplifier +/-5 V
THS4501,High-Speed Fully Differential Amplifier +/-5 V
THS4502,High-Speed Fully-Differential Amplifiers
THS4503,High-Speed Fully-Differential Amplifiers
OPA692,Wideband Fixed Gain Buffer Amplifier with Disable
OPA3690,Triple Wideband Voltage-Feedback Operational Amplifier with Disable
OPA684,Low-Power Current Feedback Operational Amplifier With Disable
OPA2357,250MHz Rail-to-Rail I/O Dual CMOS Operational Amplifier w/Shutdown
OPA2354,250MHz Rail-to-Rail I/O CMOS Dual Operational Amplifier
OPA4354,250MHz Rail-to-Rail I/O CMOS Quad Operational Amplifier
OPA3692,Triple Wideband Fixed Gain Video Buffer Amplifier With Disable
LMH6639,190MHz Rail-to-Rail Output Amplifier with Disable
OPA690,Wideband Voltage Feedback Operational Amplifier With Disable
OPA691,Wideband Current Feedback Operational Amplifier with Disable
OPA2691,Dual Wideband Current Feedback Operational Amplifierwith Disable
OPA3691,Triple Wideband Current Feedback Operational Amplifier with Disable
OPA656,Wideband Unity Gain Stable FET-Input Operational Amplifier
OPA657,1.6GHz Low Noise FET-Input Operational Amplifier
THS4601,Wideband FET-Input Operational Amplifier
LMH6622,Dual Wideband Low Noise 160MHz Operational Amplifiers
LMV771,Single/Dual/Quad Low Offset Low Noise RRO Operational Amplifiers
LMH6644,Low Power 130MHz 75mA Rail-to-Rail Output Amplifiers
TLV2381,10-uA/Channel 160kHz RRIO Op Amp
TLV2382,10-uA/Channel 160kHz RRIO Dual Op Amp
THS3115,Dual Low-Noise High Output Current 110-MHz Amplifier with Shutdown
THS3125,Dual High Output Current 120-MHz Amplifier With Shutdown
THS3122,Dual High Output Current 120-MHz Amplifier
OPA356,2.5V 200MHz GBW CMOS Single Op Amp
OPA2356,2.5V 200MHz GBW CMOS Dual Op Amp
OPA2355,2.5V 200MHz GBW CMOS Dual Op Amp With Shutdown
LM6172QML-SP,Dual High Speed Low Power Low Distortion Voltage Feedback Amplifiers
OPA3355,2.5V 200MHz GBW CMOS Triple Op Amp With Shutdown
THS4120,3.3 V 100 MHz 43 V/us Fully Differential CMOS Amplifier w/Shutdown
OPA2677,SpeedPlus™ Dual Wideband High Output Current Operational Amplifier
THS6093,275-mA +12V ADSL CPE Line Driver with Shutdown
THS6043,350-mA +/-12V ADSL CPE Line Driver with Shutdown
THS6053,175-mA +/-12V ADSL CPE Line Driver with Shutdown
THS6042,350-mA +/-12V ADSL CPE Line Driver
OPA355,2.5V 200MHz GBW CMOS Single Op Amp With Shutdown
OPA2822,SpeedPlus Dual Wideband Low-Noise Operational Amplifier
LMH6647,2.7V 650µA 55MHz Rail-to-Rail Input and Output Amplifiers with Shutdown Option
LMH6642,Low Power 130MHz 75mA Rail-to-Rail Output Amplifier
LMH6643,Low Power 130MHz 75mA Rail-to-Rail Output Amplifiers
LMH6645,2.7V 650µA 55MHz Rail-to-Rail Input and Output Amplifiers with Shutdown Option
LMH6654,Single/Dual Low Power 250 MHz Low Noise Amplifiers
LMH6646,2.7V 650µA 55MHz Rail-to-Rail Input and Output Amplifiers with Shutdown Option
LMH6655,Single/Dual Low Power 250 MHz Low Noise Amplifiers
LMH6672,Dual High Output Current High Speed Op Amp
OPA704,12V CMOS Rail-to-Rail I/O Operational Amplifier
OPA2703,12V CMOS Rail-to-Rail I/O Operational Amplifier
OPA2704,12V CMOS Rail-to-Rail I/O Operational Amplifier
OPA4703,12V CMOS Rail-to-Rail I/O Operational Amplifier
OPA4704,12V CMOS Rail-to-Rail I/O Operational Amplifier
THS4121,3.3 V 100 MHz 43 V/us Fully Differential CMOS Amplifier
OPA549,High-Voltage High-Current Op Amp Excellent Output Swing
THS4150,Fully Differential Input/Output High Slew Rate Amplifier With Shutdown
THS4151,Fully Differential Input/Output High Slew Rate Amplifier
TLV4120,High Output Drive Differential Operational Amplifier with Shutdown
TLV4111,High Output Drive Low Voltage Single Operational Amplifier
TLV4110,High Output Drive Low Voltage Single Operational Amplifier w/Shutdown
TLV4113,Dual High Output Drive Operational Amplifier with Shutdown
OPA703,12V CMOS Rail-to-Rail I/O Operational Amplifier
THS4131,Fully Differential Input/Output Low Noise Amplifier
THS4130,Fully Differential Input/Output Low Noise Amplifier With Shutdown
THS4141,Fully Differential Input/Output High Slew Rate Amplifier
THS4140,Fully Differential Input/Output High Slew Rate Amplifier With Shutdown
OPA349,1 uA Rail-to-Rail CMOS Operational Amplifiers
OPA2349,1uA Rail-to-Rail CMOS Operational Amplifiers
OPA452,80V 50mA Operational Amplifiers
TLV2401,Single MicroPower RRIO Operational Amplifier with wide supply voltage range and high CMRR
TLV2402,Dual MicroPower RRIO Operational Amplifier with Wide Voltage Supply Range and High CMRR
THS4031M,100-MHz Low-Noise High-Speed Amplifier
THS4051M,70-MHz High-Speed Amplifier
LM7372,High Speed High Output Current Dual Operational Amplifier
OPA2652,SpeedPlus™ Dual 700MHz Voltage-Feedback Operational Amplifier
TLV2404,Quad MicroPower RRIO Operational Amplifier with wide supply voltage range and high CMRR
TLV2434A,Rail-to-Rail Output Wide-Input-Voltage Quad Op Amp
TLV2444A,Rail-to-Rail Output Wide-Input-Voltage Quad Op Amp
THS4082,175-MHz Low-Power Voltage-Feedback Amplifier Dual
THS4061M,180-MHz High-Speed Amplifiers
THS4011M,290-MHz Low-Distortion Voltage-Feedback Amplifier
TLV4112,High-Output-Drive Operational Amplifier
THS4081,175-MHz Low-Power Voltage-Feedback Amplifier
THS4041,165-MHz C-Stable Voltage-Feedback Amplifier
THS4042,165-MHz C-Stable Voltage-Feedback Amplifier Dual
THS4021,350-MHz Ultra-Low Noise Voltage-Feedback Amplifier
THS4022,350-MHz Low-Noise Voltage-Feedback Amplifier Dual
THS7001,70-MHz High-Speed Programmable-Gain Amplifier
LT1013M,Dual Precision Operational Amplifier
TLE2142AM,High Speed High Drive Precision Dual Operational Amplifier
TLC2252AM,Rail-To-Rail uPower Precision Advanced LinCMOS™ Dual Operational Amplifier
TLC2654AM,Low Noise Chopper-Stabilized Advanced LinCMOS™ Operational Amplifier
TLE2024AM,High-Speed Low-Power Precision Quad Operational Amplifier
TLE2141M,High Speed High Drive Precision Operational Amplifier
TLV2252AM,Low Voltage Rail-To-Rail uPower Precision Advanced LinCMOS™ Dual Operational Amplifier
TLV2262AM,Low Voltage Rail-To-Rail Low Power Precision Advanced LinCMOS™ Dual Operational Amplifier
TLV2264AM,Low Voltage Rail-To-Rail Low Power Precision Advanced LinCMOS™ Quad Operational Amplifier
TLC2201M,Low Noise Precision Advanced LinCMOS™ Single Operational Amplifier
OP27,Low-Noise Precision High-Speed Operational Amplifier
OPA552,High-Voltage High-Current Operational Amplifiers
OPA551,High-Voltage High-Current Operational Amplifiers
THS4051,70-MHz Low-Cost Voltage-Feedback Amplifier
THS4052,70-MHz Low-Cost Voltage-Feedback Amplifier Dual
OPA228,High Precision Low Noise Operational Amplifiers
THS4011,290-MHz Low-Distortion Voltage-Feedback Amplifier
THS4012,290-MHz Dual Low-Distortion Voltage-Feedback Amplifier Dual
THS7002,70-MHz High-Speed Programmable-Gain Amplifier Dual
OPA2227,High Precision Low Noise Operational Amplifiers
OPA2228,High Precision Low Noise Operational Amplifiers
OPA4228,High Precision Low Noise Operational Amplifiers
OPA4227,High Precision Low Noise Operational Amplifiers
THS4061,180-MHz High Output Drive Voltage-Feedback Amplifier
THS4031,100-MHz Low Noise Voltage-Feedback Amplifier
THS4032,100-MHz Low Noise Voltage-Feedback Amplifier Dual
LPV358-N,General Purpose Low Voltage Low Power Rail-to-Rail Output Operational Amplifiers
LPV324-N,General Purpose Low Voltage Low Power Rail-to-Rail Output Operational Amplifiers
OPA4350,High-Speed Single-Supply Rail-to-Rail Operational Amplifiers MicroAmplifier™ Series
THS4062,180-MHz High Output Drive Voltage-Feedback Amplifier Dual
TLE2021M,High-Speed Low-Power Precision Single Operational Amplifier
TLC2272AM,Rail-To-Rail Low Noise Advanced LinCMOS™ Dual Operational Amplifier
TLE2022M,High-Speed Low-Power Precision Dual Operational Amplifier
TLE2037A,Excalibur Low-Noise High-Speed Precision Decompensated Operational-Amplifier
TLE2142AM-D,High Speed High Drive Precision Dual Operational Amplifier
TLE2022AM,High-Speed Low-Power Precision Dual Operational Amplifier
TLE2027M,Low-Noise High-Speed Precision Single Operational Amplifier
TLC2201AM,Low Noise Precision Advanced LinCMOS™ Single Operational Amplifier
TLE2024B,Excalibur High-Speed Low-Power Precision Quad Operational Amplifier
OPA350,High-Speed Single-Supply Rail-to-Rail Operational Amplifiers MicroAmplifier™ Series
OPA227,High Precision Low Noise Operational Amplifiers
OPA2350,High-Speed Single-Supply Rail-to-Rail Operational Amplifiers MicroAmplifier™ Series
THS6012,500-mA Dual Differential Line Driver
OPA2241,Single-Supply MicroPower Operational Amplifiers
OPA2251,Single-Supply MicroPower Operational Amplifiers
OPA4241,Single-Supply MicroPower Operational Amplifiers
OPA4251,Single-Supply MicroPower Operational Amplifiers
LPV321-N,General Purpose Low Voltage Low Power Rail-to-Rail Output Operational Amplifiers
THS3001,420-MHz Current-Feedback Amplifier
THS4001,270-MHz Voltage-Feedback Amplifier
OPA277,High Precision Operational Amplifiers
OPA2277,10µV 0.1µV/˚C High-Precision Low-Power Operational Amplifier
OPA4277,High Precision Operational Amplifiers
TLC4502AM,AdvancedSelf-Calibrating Precision Dual Operational Amplifier
TLC4502M,Advanced LinEPIC Self-Calibrating Precision Dual Operational Amplifier
TLV2422A,Rail-to-Rail Output Wide-Input-Voltage Micropower Dual Op Amps
OPA340,Single-Supply Rail-to-Rail Operational Amplifiers MicroAmplifier™ Series
OPA241,Single-Supply MicroPower Operational Amplifiers
OPA251,Single-Supply MicroPower Operational Amplifiers
OPA2340,Single-Supply Rail-to-Rail Operational Amplifiers MicroAmplifier™ Series
OPA4340,Single-Supply Rail-to-Rail Operational Amplifiers MicroAmplifier™ Series
LMC6442,Dual Micropower Rail-to-Rail Output Single Supply Operational Amplifier
OPA336,Single-Supply MicroPower CMOS Operational Amplifiers MicroAmplifier™ Series
OPA4336,Single-Supply MicroPower CMOS Operational Amplifiers MicroAmplifier™ Series
OPA548,High-Voltage High-Current Wide-Output-Voltage-Swing Power Operational Amplfier
LM7171QML,Very High Speed High Output Current Voltage Feedback Amplifier
OPA2336,Single-Supply MicroPower CMOS Operational Amplifiers MicroAmplifier Series
OPA547,High-Voltage High-Current Op Amp with shutdown capability
TLV2442AM,Advanced LinCMOS™ Rail-to-Rail Output Wide-Input-Voltage Dual Operational Amplifier
TLV2442A,Advanced LinCMOS™ Rail-To-Rail Output Wide-Input-Voltage Dual Operational Amplifier
TLV2432A,Advanced LinCMOS™ Rail-To-Rail Output Wide-Input-Voltage Dual Operational Amplifier
TLC4502,Advanced LinEPIC Self-Calibrating Precision Dual Operational Amplifier
OPA2237,Single-Supply Operational Amplifiers MicroAmplifier™ Series
OPA237,Single-Supply Operational Amplifiers MicroAmplifier™ Series
LM6172QML,Dual High Speed Low Power Low Distortion Voltage Feedback Amplifiers
LMC6464QML,Quad Micropower Rail-to-Rail Input and Output CMOS Operational Amplifier
OPA132,High Speed FET-Input Operational Amplifiers
OPA2132,High Speed FET-Input Operational Amplifiers
OPA2544,High-Voltage High-Current Dual Operational Amplifier
LM6152,Dual and Quad 75 MHz GBW Rail-to-Rail I/O Operational Amplifiers
LM6154,Dual and Quad 75 MHz GBW Rail-to-Rail I/O Operational Amplifiers
LM7121,175 MHz Tiny Low Power Voltage Feedback Amplifier
LM6171,High Speed Low Power Low Distortion Voltage Feedback Amplifier
LM6172,Dual High Speed Low Power Low Distortion Voltage Feedback Amplifiers
LMC6464,Quad Micropower Rail-to-Rail Input and Output CMOS Operational Amplifier
TLC2252A,Rail-To-Rail Dual Operational Amplifier
TLV2252A,Low-Voltage Rail-To-Rail Dual Operational Amplifier
TLC2254A,Rail-To-Rail Quad Operational Amplifier
TLV2254A,Quad Low-Voltage Rail-To-Rail Operational Amplifier
OPA131,General Purpose FET-Input Operational Amplifiers
LM7171,Very High Speed High Output Current Voltage Feedback Amplifier
LMC6462,Dual Micropower Rail-to-Rail Input and Output CMOS Operational Amplifier
OPA544,High-Voltage High-Current Operational Amplifier
LMC6001,Ultra-Low Input Current Amplifier
TLV2264A,Advanced LinCMOS™ Rail-To-Rail Quad Operational Amplifier
LMC6482QML,Ultra-low Bias Current Precision CMOS Rail-to-Rail Input and Output Operational Amplifier
TLV2262A,Advanced LinCMOS™ Rail-To-Rail Dual Operational Amplifier
LMC6484QML,Ultra-low Bias Current Precision CMOS Rail-to-Rail Input and Output Operational Amplifier
LMC6482,Ultra-low Bias Current Precision CMOS Rail-to-Rail Input and Output Operational Amplifier
LMC6484,Ultra-low Bias Current Precision CMOS Rail-to-Rail Input and Output Operational Amplifier
LMC6064,Precision CMOS Quad Micropower Operational Amplifier
LMC6084,Precision CMOS Quad Operational Amplifier
LMC6061,Precision CMOS Single Micropower Operational Amplifier
LMC6081,Precision CMOS Single Operational Amplifier
OPA604,FET-Input Audio Operational Amplifier
TLC2274A,Advanced LinCMOS™ Rail-To-Rail Quad Operational Amplifier
LMC6062,Precision CMOS Dual Micropower Operational Amplifier
LMC6082,Precision CMOS Dual Operational Amplifier
TLC2272A,Advanced LinCMOS™ Rail-To-Rail Dual Operational Amplifier
TLE2142A,Excalibur Low-Noise High-Speed Precision Dual Operational Amplifier
LMC6042,CMOS Dual Micropower Operational Amplifier
LMC6044,CMOS Quad Micropower Operational Amplifier
TLE2141,Low Noise High-Speed Precision Single Supply Operational Amplifier
OPA177,Precision Operational Amplifier
OPA1013,Precision Single-Supply Dual Operational Amplifier
RC4558,Dual General-Purpose Operational Amplifier
OP07C,Low-Offset Voltage Operational Amplifier
NE5532,Dual Low-Noise High-Speed Audio Operational Amplifier
NE5534,Low-Noise High-Speed Audio Operational Amplifier
NE5534A,Low-Noise Operational Amplifier
NE5532A,Dual Low-Noise Operational Amplifier
OP07D,Low-Offset Voltage Operational Amplifier
TL592B,Differential Video Amplifier
LT1013D,Dual Precision Operational Amplifier
LT1013,Dual Precision Operational Amplifier
TL052A,Enhanced-JFET Precision Dual Operational Amplifier
TL032A,Enhanced-JFET Low-Power Low-Offset Dual Operational Amplifier
TL051A,Enhanced-JFET Precision Operational Amplifier
LT1014D,Quad Precision Operational Amplifier
LT1014,Quad Precision Operational Amplifier
TLE2022,Dual Precision Low-Power Single Supply Operational Amplifier
TLE2022A,Excalibur High-Speed Low-Power Precision Dual Operational Amplifier
TLE2024A,Excalibur High-Speed Low-Power Precision Quad Operational Amplifier
TLE2021,Precision Low-Power Single Supply Operational Amplifier
TLE2021A,Excalibur High-Speed Low-Power Precision Operational Amplifier
TLC2652,Precision Chopper-Stabilized Operational Amplifier
OPA445,High Voltage FET-Input Operational Amplifier
OPA2541,Dual High Power Operational Amplifier
OPA541,High Power Monolithic Operational Amplifier
OPA404,Quad High Speed Precision Difet® Operational Amplifier
TLC277,Dual Precision Single Supply Operational Amplifier
TLC279,Quad Precision Single Supply Operational Amplifier
OPA27,Ultra-Low Noise Precision Operational Amplifiers
OPA37,Ultra-Low Noise Precision Operational Amplifiers
LM675,Power Operational Amplifier
TLE2141AM,High Speed High Drive Precision Operational Amplifier
ICL7652,Precision Chopper-Stabilized Operational Amplifier
LM321LV,1-Channel industry standard low voltage operational amplifier
LM358LV,2-Channel industry-standard low-voltage operational amplifier
LM2904LV,Industry standard low voltage amplifier
LM358B,Dual Operational Amplifier
LM258,Dual Operational Amplifier
LM324,Quadruple Operational Amplifier
LM358,Dual Operational Amplifiers
LM324A,Quadruple Operational Amplifier
LM358A,Dual Operational Amplifier
LM324LV,4-Channel industry standard low voltage operational amplifier
LM2902LV,Industry Standard Low Voltage Amplifier
LM224,Quadruple Operational Amplifier
LM224A,Quadruple Operational Amplifier
LM258A,Dual Operational Amplifier
LM2902,Quadruple Operational Amplifier
LM2904,Dual Operational Amplifier
LM2902K,Quadruple Operational Amplifier
LM248,Quadruple Operational Amplifier
LM348,Quad General-Purpose Operational Amplifier
UA741,General-Purpose Operational Amplifier
TLV9001,1-Channel 1MHz RRIO 1.8V to 5.5V Operational Amplifier for Cost-Optimized Systems
TL071,Low-Noise JFET-Input General-Purpose Operational Amplifier
TL081,High Slew Rate JFET-Input Operational Amplifier
LM2900,Quadruple Operational Amplifier
LM324K,Quadruple Operational Amplifier
LM2904V,Dual Operational Amplifier Enhanced Voltage
LM324KA,Quadruple Operational Amplifier
LM2902KV,Quadruple Operational Amplifier Enhanced Voltage
TL064,Quad Low-Power JFET-Input General-Purpose Operational Amplifier
MC1458,Dual General-Purpose Operational Amplifier
LM224KA,Quadruple Operational Amplifier
LM2902-Q1,Automotive Catalog Quadruple Operational Amplifier
LM2904-Q1,Automotive Catalog Dual Operational Amplifier
LF353,Dual General-Purpose JFET-input Operational Amplifier
TL061,Low-Power JFET-Input General-Purpose Operational Amplifier
TL084,Quad High Slew Rate JFET-Input Operational Amplifier
LM224K,Quadruple Operational Amplifier
TLV9061,World's Smallest Amp 10MHz RRIO 1.8V-5.5V op-amp delivers high performance for challenging systems
TL074,Quad Low-Noise JFET-Input General-Purpose Operational Amplifier
TLV6001,1-MHz Low-Power Operational Amplifier for Cost-Sensitive Systems
TL031,Enhanced JFET Low-Power Precision Operational Amplifier
TL051,Enhanced JFET Precision Operational Amplifier
LM2902KAV,Quadruple Operational Amplifier Enhanced Voltage
LM124,Quadruple Operational Amplifier
LP324,Ultra-Low-Power Quadruple Operational Amplifiers
TLV313,Low-Power RRIO 750-uV Offset 1-MHz Operational Amplifier for Cost-Sensitive Systems
TLV9002,2-Channel 1MHz RRIO 1.8V to 5.5V Operational Amplifier for Cost-Optimized Systems
LP358,Ultra-Low-Power Dual Operational Amplifier
TL062,Dual Low-Power JFET-Input General-Purpose Operational Amplifier
TL072,Dual Low-Noise JFET-Input General-Purpose Operational Amplifier
TL082,Dual High Slew Rate JFET-Input Operational Amplifier
TSV911,8-MHz Low-noise low offset RRIO general purpose CMOS operational amplifier
LMV321A,Single Low-Voltage Cost-Optimized Rail-to-Rail Output Operational Amplifier
TLV6001-Q1,Low-Power RRIO 1-MHz Operational Amplifier for Cost-Sensitive Systems
LM321,Low Power Single Op Amp
TL022,Dual Low-Power General-Purpose Operational Amplifier
TL032,Dual Enhanced JFET Low-Power Precision Operational Amplifier
TL052,Dual Enhanced JFET Precision Operational Amplifier
LMV611,Low voltage low power RRIO general purpose amplifier
TL3472,High-Slew-Rate Single-Supply Operational Amplifier
LF347,Quad General-Purpose JFET-input Operational Amplifier
LF347B,Wide-Bandwidth JFET-input Quad Operational Amplifier
LMV321,Single Low-Voltage Rail-to-Rail Output Operational Amplifier
OPA348,1MHz 45uA RRIO Single Op Amp
TL103W,Dual OpAmp With Internal Reference
TLV314,3-MHz Low-Power Low-Noise RRIO CMOS Operational Amplifier for Cost-Sensitive Systems
TLV313-Q1,Low-Power Rail-to-Rail In/Out Op Amp
TL071A,Low-Noise JFET-Input Operational Amplifier
TLV2362,Dual High-Performance Low-Voltage Operational Amplifier
TL082-Q1,Automotive Catalog JFET-Input Operational Amplifier
OPA347,Micropower Rail-To-Rail Operational Amplifier
LMV324A,LMV324A Quad Low-Voltage Rail-to-Rail Output Operational Amplifier
LMV358A,Dual Low-Voltage Cost-Optimized Rail-to-Rail Output Operational Amplifier
TLV6002,1-MHz Low-Power Operational Amplifier for Cost-Sensitive Systems
TLV9062,10-MHz low-noise RRIO CMOS operational amplifier for cost-sensitive systems
TL971-Q1,Automotive Catalog Output Rail-to-Rail Very-Low-Noise Operational Amplifier
OPA337,MicroSIZE Single-Supply CMOS Operational Amplifier MicroAmplifier™ Series
TL082A,JFET-Input Operational Amplifier
TLV316,10-MHz Low-Noise RRIO CMOS Operational Amplifier for Cost-Sensitive Systems
OPA348-Q1,Automotive 1MHz 45uA RRIO Single Operational Amplifier
TL3472-Q1,Automotive Catalog High-Slew-Rate Single-Supply Operational Amplifier
TS321,Low-Power Single Operational Amplifier
LMV324,Quad Low-Voltage Rail-to-Rail Output Operational Amplifier
LMV341,Single Rail-To-Rail Output CMOS Operational Amplifier with Shutdown
LMV358,Dual Low-Voltage Rail-to-Rail Output Operational Amplifier
LMV612,Low voltage low power RRIO general purpose amplifier
TL062A,Low-Power JFET-Input Operational Amplifier
TLV271,550-uA/Ch 3-MHz Rail-to-Rail Output Operational Amplifier
TLV6741,10-MHz Low-Power Low Noise RRO Operational Amplifier
TLV314-Q1,3-MHz Low-Power Internal EMI Filter RRIO Operational Amplifiers
LF356,JFET Input Operational Amplifiers
LM741,Operational Amplifier
MC3303,Quadruple Low-Power Operational Amplifier
TL072A,Low-Noise JFET-Input Operational Amplifier
TL081A,JFET-Input Operational Amplifier
LM358-N,Low Power Dual Operational Amplifier
TL103WA,Dual OpAmp With Internal Reference
LMV342,Dual Rail-To-Rail Output CMOS Operational Amplifier with Shutdown
LP2902,Ultra-Low-Power Quadruple Operational Amplifier
TSM104W,Quad OpAmp And Programmable Voltage Reference
TLV9004,4-Channel 1MHz RRIO 1.8V to 5.5V Operational Amplifier for Cost-Optimized Systems
TLV6002-Q1,1-MHz Low-Power Operational Amplifier for Cost-Sensitive Automotive Systems
TSV912,8-MHz Low-Noise Low Offset RRIO General Purpose CMOS Operational Amplifier
TL074A,Low-Noise JFET-Input Operational Amplifier
LMV341-Q1,Automotive Catalog Single Rail-To-Rail Output CMOS Operational Amplifier with Shutdown
TLV2313,Low-Power RRIO 750-uV Offset 1-MHz Operational Amplifier for Cost-Sensitive Systems
LM2904-N,Low Power Dual Operational Amplifier
LM833-N,Dual Audio Operational Amplifier
TSM102,Dual Opamp Dual Comparator with Voltage Reference
TL081B,JFET-Input Operational Amplifier
TLV170,36V 1.2 MHz microPower Rail-to-Rail Output General Purpose Op Amp
RC4559,Dual High-Performance Operational Amplifier
LMV551,3 MHz Micropower RRO Amplifier
TLV316-Q1,10-MHz Rail-to-Rail Input/Output Low-Voltage 1.8-V CMOS Operational Amplifier
TS321-Q1,Automotive Catalog Low-Power Single Operational Amplifier
LMV358-N,General Purpose Low Voltage Rail-to-Rail Output Operational Amplifiers
SA5532A,Dual Low-Noise Operational Amplifier
LMV344,Quad Rail-To-Rail Output CMOS Operational Amplifier with Shutdown
TLV2361,Single High-Performance Low-Voltage Operational Amplifier
TL061A,Low-Power JFET-Input Operational Amplifier
TLV9052,5MHz 15V/us High Slew-Rate RRIO Op Amp
TLV171,36V Low-Power RRO General-Purpose Operational Amplifier
SA5532,Dual Low-Noise Operational Amplifier
LMV321-N,General Purpose Low Voltage Rail-to-Rail Output Operational Amplifiers
OPA313,1-MHz Micropower Low-Noise Rail-to-Rail I/O 1.8-V Operational Amplifier
TL071B,Low-Noise JFET-Input Operational Amplifier
TLV272,550-uA/Ch 3-MHz Rail-to-Rail Output Operational Amplifier
TL972-Q1,Automotive Catalog Output Rail-to-Rail Very-Low-Noise Operational Amplifier
TLV271-Q1,Automotive 550-uA/Ch 3-MHz Rail-to-Rail Output Operational Amplifier
TLV6004,1-MHz Low-Power Operational Amplifier for Cost-Sensitive Systems
TL3414A,Dual High Output Current Operational Amplifier
TLC271A,Programmable Low-Power Operational Amplifier
TLC271,LinCMOS™ Programmable Low-Power Operational Amplifier
LM1458,Dual Operational Amplifier
TLV2313-Q1,Low power rail-to-rail in/out op amp
TLV2314,3-MHz Low-Power Low-Noise RRIO CMOS Operational Amplifier for Cost-Sensitive Systems
SA5534,Low-Noise Operational Amplifier
TL064A,Quad Low-Power JFET-Input Operational Amplifier
TL064B,Quad Low-Power JFET-Input Operational Amplifier
TL074B,Low-Noise JFET-Input Operational Amplifier
TLV341,Low-Voltage Rail-To-Rail Output CMOS Operational Amplifiers with Shutdown
LMV614,Low voltage low power RRIO general purpose amplifier
TLC271B,Programmable Low-Power Operational Amplifier
TLC27L2,Dual Precision Single Supply uPower Operational Amplifier
TLC27M2,Dual Precision Single Supply Low-Power Operational Amplifier
LMC7101,Tiny Low Power Operational Amplifier with Rail-to-Rail Input and Output
LP324-N,Micropower Quad Operational Amplifier
LMV301,Low Input Bias Current 1.8V Op Amp w/ Rail-to-Rail Output
LMV321-N-Q1,Automotive General Purpose Low Voltage Rail-to-Rail Output Operational Amplifier
LMV358-N-Q1,Automotive Dual Low-Voltage Rail-to-Rail Output Operational Amplifier
TLV171-Q1,Automotive 36V Single-Supply Low-Power Operational Amplifier
LMV341-N,Single w/ Shutdown/Dual/Quad Gen Purpose 2.7V Rail-to-Rail Output 125C Op Amps
LMV551-Q1,Automotive 3-MHz Micropower RRO Amplifier
TLV9064,4 channel 10-MHz Low-Noise RRIO CMOS Operational Amplifier for Cost-Sensitive Systems
LM324-N,Low Power Quad Operational Amplifier
OPA314,3MHz Low-Power Low-Noise RRI/O 1.8V CMOS Operational Amplifier
TLV342,Low-Voltage Rail-to-Rail Output CMOS Operational Amplifiers
LMV721,10-MHz Low-Noise Low-Voltage Low-Power Operational Amplifiers
TLV272-Q1,Automotive 550-uA/Ch 3-MHz Rail-to-Rail Output Operational Amplifier
LM2902-N,Low Power Quad Operational Amplifier
TL974-Q1,Automotive Catalog Output Rail-to-Rail Very-Low-Noise Operational Amplifier
TSM104WA,Quad OpAmp And Programmable Voltage Reference
LMV344-Q1,Automotive Catalog Quad Rail-To-Rail Output CMOS Operational Amplifier with Shutdown
LMC6032,CMOS Dual Operational Amplifier
TL072B,Low-Noise JFET-Input Operational Amplifier
LM2902-EP,Enhanced Product Quadruple Operational Amplifier
SA5534A,Low-Noise Operational Amplifier
TLV2316,10-MHz Low-Noise RRIO CMOS Operational Amplifier for Cost-Sensitive Systems
MCP6291,10-MHz Low-noise RRIO operational amplifier
TL084A,JFET-Input Operational Amplifier
TL084B,JFET-Input Operational Amplifier
LF353-N,Wide Bandwidth Dual JFET Input Operational Amplifier
TSM102A,Dual Opamp Dual Comparator with Voltage Reference
TLV2631,1-mA/CH 9-MHz RRO Op Amp
OPA2348,1MHz 45uA RRIO Dual Op Amp
TL082B,JFET-Input Operational Amplifier
TLV2314-Q1,3-MHz Low-Power Internal EMI Filter RRIO Operational Amplifiers
TL072-EP,Enhanced Product Dual Low-Noise JFET-Input General-Purpose Operational Amplifier
TLC27M2A,LinCMOS™ Precision Dual Operational Amplifier
TLV341A,Low-Voltage Rail-To-Rail Output CMOS Operational Amplifiers with Shutdown
TLV342S,Low-Voltage Rail-to-Rail Output CMOS Operational Amplifiers With Shutdown
LM318-N,Operational Amplifier
TLV172,36-V Single-Supply 10-MHz Rail-to-Rail Output Operational Amplifier
TSV914,8-MHz Low-Noise Low Offset RRIO General Purpose CMOS Operational Amplifier
TL082-N,Wide Bandwidth Dual JFET Input Operational Amplifier
TLC27M4,Quad Precision Single Supply Low-Power Operational Amplifier
OPA2347,WCSP-8 Micropower Rail-To-Rail Operational Amplifier
OPA342,Low Cost Low Power Rail-to-Rail Operational Amplifiers MicroAmplifier™ Series
LMV722,10-MHz Low-Noise Low-Voltage Low-Power Operational Amplifiers
OPA314-Q1,Automotive 3MHz Low-Power Low-Noise RRIO 1.8V CMOS Operational Amplifier
LMV324-N,General Purpose Low Voltage Rail-to-Rail Output Operational Amplifiers
TLC27L1B,LinCMOS™ Low-Power Operational Amplifier
TLC27L2B,LinCMOS(TM> Precision Dual Operational Amplifier
TLC27L4,Quad Precision Single Supply uPower Operational Amplifier
OPA2337,MicroSIZE Single-Supply CMOS Operational Amplifier MicroAmplifier Series
OPA316,10-MHz Low-Power Low-Noise RRIO 1.8-V CMOS Operational Amplifier
OPA373,6.5MHz 585uA Rail-to-Rail I/O CMOS Operational Amplifier
OPA374,6.5MHz 585uA Rail-to-Rail I/O CMOS Operational Amplifier
LM13700,Dual Operational Transconductance Amplifier with Linearizing Diodes and Buffers
UA747,Dual General-Purpose Operational Amplifier
LMV981-N,Single 1.8V RRIO Operational Amplifiers with Shutdown
TLC27L1A,LinCMOS™ Low-Power Operational Amplifier
TLV2621,800 uA/ch 11MHz RRO Low Voltage Single Channel Op Amp
TLV342A,Low-Voltage Rail-to-Rail Output CMOS Operational Amplifiers
TLV4313,Low-Power RRIO 750-uV Offset 1-MHz Operational Amplifier for Cost-Sensitive Systems
TLV2170,36V 1.2 MHz microPower Rail-to-Rail Output General Purpose Op Amp
TLC272,Dual Single Supply Operational Amplifier
TL343,Single Low-Power Operational Amplifier
TLC27M4A,LinCMOS™ Precision Quad Operational Amplifier
TL3474,Quad High Slew Rate Single-Supply Op Amp
TLV274,550-uA/Ch 3-MHz Rail-to-Rail Output Operational Amplifiers
TLV2316-Q1,10-MHz Rail-to-Rail Input/Output Low-Voltage 1.8-V CMOS Operational Amplifier
LMV710-N,Low Power RRIO Operational Amplifiers with High Output Current Drive and Shutdown Option
TLC27L2M,Lincmos(Tm) Precision Dual Operational Amplifier
TLV2171,36V Low Power RRO General Purpose Operational Amplifier
LMC7111,Tiny CMOS Operational Amplifier with Rail-to-Rail Input and Output
OPA2313,1-MHz Micropower Low-Noise Rail-to-Rail I/O 1.8-V Operational Amplifier
TL062B,Low-Power JFET-Input Operational Amplifier
LF412,Dual JFET-input Operational Amplifier
OPA2348-Q1,Automotive 1MHz 45uA RRIO Dual Op Amp
LMV342-N,Single w/ Shutdown/Dual/Quad Gen Purpose 2.7V Rail-to-Rail Output 125C Op Amps
LMV821-N,5MHz Low Voltage Low Power RRO 5 MHz Op Amps
TLC27L4B,LinCMOS™ Precision Quad Operational Amplifier
TLV2711,Single LinCMOS™ Rail-To-Rail uPower Operational Amplifier
TLV2721,Single LinCMOS™ Rail-To-Rail Very Low-Power Operational Amplifier
TLV2731,Single LinCMOS™ Rail-To-Rail Low-Power Operational Amplifier
TLV2371,550-uA/Channel 3-MHz RRIO Op Amp
TLV27L1,11-uA/Channel 160kHz RR-Out Op Amp
TLC272A,LinCMOS™ Precision Dual Operational Amplifier
LF411,Precision JFET-input Operational Amplifier
LM392,Low-Power Operational Amplifier and Voltage Comparator
LP2904,Ultra-Low-Power Dual Operational Amplifiers
LMV931-N,Single 1.8V RRIO Operational Amplifiers
LMV722-Q1,10-MHz Low-Noise Low-Voltage Low-Power Operational Amplifiers
LMC8101,Rail-to-Rail Input and Output 2.7V Op Amp in micro SMD package with Shutdown
OPA170,36V microPower Rail-to-Rail Output General Purpose Op Amp in MicroPackages
OPA171,36V Low Power RRO General Purpose Operational Amplifier in MicroPackages
LMV552,3 MHz Micropower RRO Amplifier
LMV651,12 MHz Low Voltage Low Power Amplifier
LMV831,Single 3.3 MHz Low Power CMOS EMI Hardened Operational Amplifier
LMV324-N-Q1,Automotive Quad Low-Voltage Rail-to-Rail Output Operational Amplifier
OPA316-Q1,Automotive 10MHz Rail-to-Rail Input/Output Low-Voltage 1.8V CMOS Operational Amplifier
OPA377-Q1,Automotive Qualified Low Noise Low Voltage Precision Operational Amplifier
LP2902-N,Micropower Quad Operational Amplifier
TLV2211,Single LinCMOS™ Rail-To-Rail uPower Operational Amplifier
TLV2221,Single LinCMOS™ Rail-To-Rail uPower Operational Amplifier
TLV2231,Single LinCMOS™ Rail-To-Rail uPower Operational Amplifier
TLV4314,3-MHz Low-Power Low-Noise RRIO CMOS Operational Amplifier for Cost-Sensitive Systems
TLC272B,LinCMOSPrecision Dual Operational Amplifier
LMC7101Q-Q1,Tiny Low power Operational Amplifier with Rail-to-Rail Input and Output
TLV274-Q1,Automotive 550-uA/Ch 3-MHz Rail-to-Rail Output Operational Amplifier
TLV2371-Q1,Automotive 550-uA/Ch 3-MHz Rail-to-Rail Input/Output Operational Amplifiers
TL074-EP,Enhanced Product Quad Low-Noise JFET-Input General Purpose Operational Amplifier
OPA4348,1MHz 45uA RRIO Quad Op Amp
LMC6022,Low Power CMOS Dual Operational Amplifier
OPA172,36-V Single-Supply 10-MHz Rail-to-Rail Output Operational Amplifier
OPA344,Low Power Single-Supply Rail-To-Rail Operational Amplifiers MicroAmplifier™ Series
OPA345,Low Power Single-Supply Rail-To-Rail Operational Amplifiers MicroAmplifier™ Series
OPA705,12V Low Cost CMOS Rail-to-Rail I/O Operational Amplifier
RC4136,Quad General-Purpose Operational Amplifier
TLC071,Single Wide-Bandwidth High-Output-Drive Op Amp
OPA2313-Q1,1 MHz micropower low-noise rail-to-rail I/O op amp
LMV716,5 MHz Low Noise Dual Operational Amplifiers with CMOS Input
LMV796,17 MHz Low Noise CMOS Input 1.8V Operational Amplifiers
LPV531,Programmable Micropower CMOS Input Rail-to-Rail Output Operational Amplifier
LMV344-N,Single w/ Shutdown/Dual/Quad Gen Purpose 2.7VRail-to-Rail Output 125C Op Amps
LMV721-N,10MHz Low Noise Low Voltage and Low Power Operational Amplifier
TL3474A,High-Slew-Rate Single-Supply Operational Amplifier
OPA2314,Dual 3MHz Low-Power Low-Noise RRI/O 1.8V CMOS Operational Amplifier
LM318,Single High-Speed Operational Amplifier
LMV116,Low Voltage 45MHz Rail-to-Rail Output Operational Amplifiers with Shutdown Option
LMV931-N-Q1,Automotive 1.8V RRIO Operational Amplifier
OPA170-Q1,Automotive 36V microPower Rail-to-Rail Output General Purpose Op Amp in MicroPackages
OPA171-Q1,Automotive 36V Low Power RRO General Purpose Operational Amplifier in MicroPackages
LMV822-N,Low Voltage Low Power RRO 5 MHz Op Amps
TLV4316,10-MHz Low-Noise RRIO CMOS Operational Amplifier for Cost-Sensitive Systems
TLC081,Single Wide Bandwidth High Output Drive Single Supply Op Amp
LF412-N,Low Offset Low Drift Dual JFET Input Operational Amplifier
TLC27M4B,LinCMOS™ precision quad Operational Amplifier
TLV2370,550-uA/Channel 3-MHz RRIO Op Amp with Shutdown
LMC6034,CMOS Quad Operational Amplifier
OPA2990,1MHz 40-V rail-to-rail input/output low-offset-voltage low-power op amp
OPA322,20MHz Low-Noise 1.8V RRIO CMOS Operational Amplifier With Shutdown
OPA338,MicroSIZE Single-Supply CMOS Operational Amplifier MicroAmplifier™ Series
LM837,Low Noise Quad Operational Amplifier
LMV712-N,Low Pwr Low Noise High Output RRIO Dual Op Amp w/ Independent Shutdown
OPA244,MicroPower Single-Supply Operational Amplifier MicroAmplifier™ Series
TLC274,Quad Single Supply Operational Amplifier
TLV4314-Q1,3-MHz Low-Power Internal EMI Filter RRIO Operational Amplifiers
LMV824-N,Low Voltage Low Power RRO 5 MHz Op Amps
LMV932-N,Dual 1.8V RRIO Operational Amplifiers
LMV982-N,Dual 1.8V RRIO Operational Amplifiers with Shutdown
TLV2172,36-V Single-Supply 10-MHz Rail-to-Rail Output Operational Amplifier
MCP6292,10-MHz Low-Noise RRIO Operational Amplifier
TL034,Quad Enhanced JFET Low-Power Precision Operational Amplifier
LMV791,17 MHz Low Noise CMOS Input 1.8V Operational Amplifiers with Shutdown
TLV2632,1-mA/CH 9-MHz RRO Op Amp
LMC6035,Low Power 2.7V Single Supply CMOS Operational Amplifiers
LMC662,CMOS Dual Operational Amplifier
OPA4348-Q1,Automotive 1MHz 45uA RRIO Quad Op Amp
LMC6024,Low Power CMOS Quad Operational Amplifier
LMV951,1V 2.7 MHz Rail-to-Rail Input and Output Amplifier with Shutdown Option
OPA2316,10-MHz Low-Power Low-Noise RRIO 1.8-V CMOS Operational Amplifier
OPA2338,MicroSIZE Single-Supply CMOS Operational Amplifier MicroAmplifier Series
OPA2377,Low-Cost Low Noise 5MHz CMOS Operational Amplifier
OPA2342,Low Cost Low Power Rail-to-Rail Operational Amplifiers MicroAmplifier™ Series
LM218-Q1,Automotive Catalog High-Performance Operational Amplifier
TLV2432,Advanced LinCMOS™ Rail-To-Rail Output Wide-Input-Voltage Dual Operational Amplifier
TLV2442,Advanced LinCMOS™ Rail-To-Rail Output Wide-Input-Voltage Dual Operational Amplifier
TLV4170,36V 1.2 MHz microPower Rail-to-Rail Output General Purpose Op Amp
TLC274A,LinCMOS™ Precision Quad Operational Amplifier
OPA2314-Q1,Automotive 1.8V 3MHz Low-Power Low-Noise RRIO CMOS Operational Amplifier
LMV118,Low Voltage 45MHz Rail-to-Rail Output Operational Amplifiers with Shutdown Option
LMV652,12 MHz Low Voltage Low Power Amplifier
TLV2262,Dual Rail-To-Rail Low-Voltage Low-Power Operational Amplifier
TLV2332,Dual Low-Voltage Low-Power Operational Amplifier
OPA4313,1-MHz Micropower Low-Noise Rail-to-Rail I/O 1.8-V Operational Amplifier
LMV772,Single/Dual/Quad Low Offset Low Noise RRO Operational Amplifiers
TLV4171,36V Low-Power RRO General-Purpose Operational Amplifier
TLV4316-Q1,10-MHz Rail-to-Rail Input/Output Low-Voltage 1.8-V CMOS Operational Amplifier
LMV822-N-Q1,Automotive Dual Low Voltage Low Power RRO 5MHz Op Amp
TLV27L2,11-uA/Channel 160kHz RR-Out Dual Op Amp
TLC2252,Dual Rail-To-Rail Micropower Operational Amplifier
LMV796-Q1,17 MHz Low Noise CMOS Input 1.8V Operational Amplifiers
OPA322-Q1,Automotive 20MHz Low-Noise 1.8V RRI/O CMOS Operational Amplifier
TLV2372,550-uA/Channel 3-MHz RRIO Op Amp
LF444,Quad Low Power JFET Input Operational Amplifier
LMV712-N-Q1,Automotive Dual Low Power Low Noise High Output RRIO Op Amp with Shutdown
LMV722-N,10MHz Low Noise Low Voltage and Low Power Operational Amplifier
TLC274B,LinCMOS™ Precision Quad Operational Amplifier
OPA363,1.8V High CMR RRIO Op Amp with Shutdown
OPA364,1.8V High CMR RRIO Op Amp
LMV824-N-Q1,Automotive Low Voltage Low Power RRO 5 MHz Op Amp
LMV932-N-Q1,Automotive Dual 1.8V RRIO Operational Amplifier
TLV2172-Q1,Automotive 36-V Single-Supply 10-MHz Rail-to-Rail Output Operational Amplifier
TLV2451,Single Micropower Rail-To-Rail Input/Output Op Amp
TLV2461,Single Low Power Rail-to-Rail Input/Output Operational Amplifier
TLV2471,Single Low-Power Rail-to-Rail Input/Output Op Amp
TLV2622,800 uA/ch 11MHz RRO Low Voltage Dual Channel Op Amp
TLV2761,Single 1.8-V Micro-power Rail-to-Rail Single Supply Amplifier
LMV832,Dual 3.3 MHz Low Power CMOS EMI Hardened Operational Amplifier
TLC2272,Dual Low-Noise Rail-To-Rail Operational Amplifier
OPA2171,36V Low Power RRO General Purpose Operational Amplifier in MicroPackages
LMV934-N,Quad 1.8V RRIO Operational Amplifiers
OPA137,Low Cost FET-Input Operational Amplifiers
TLC2262,Dual Advanced LinCMOS™ Rail-To-Rail Operational Amplifier
LMC6035-Q1,Low Power 2.7V Single Supply CMOS Operational Amplifiers
OPA2170,36V microPower Rail-to-Rail Output Dual General Purpose Op Amp in microPackage
OPA2316-Q1,Automotive 10MHz Rail-to-Rail Input/Output Low-Voltage 1.8V CMOS Operational Amplifier
OPA2377-Q1,Automotive-Qualified Rail-to-Rail In/Out Low Noise 5MHz CMOS Operational Amplifier
LMV797,17 MHz Low Noise CMOS Input 1.8V Operational Amplifiers
LMV851,Single 8 MHz Low Power CMOS EMI Hardened Operational Amplifier
TLE2071,Low-Noise High-Speed JFET-Input Operational Amplifier
OPA170-EP,Enhanced Product 36-V Single Supply Low Power Op-Amp
TLV2372-Q1,Automotive 550-uA/Ch 3-MHz Rail-to-Rail Input/Output Operational Amplifiers
TLV2781,Single 1.8V RRIO 8MHz Amplifier
TLC081A,Single Wide Bandwidth High Output Drive Single Supply Op Amp
TLV2241,Single Micropower 2.5-V RRIO Single Supply Amplifier
TLV2252,Dual Rail-To-Rail Low-Voltage Low Power Operational Amplifier
OPA2373,Dual 6.5MHz 585uA Rail-to-Rail I/O CMOS Operational Amplifier
OPA2374,Dual 6.5MHz 585uA Rail-to-Rail I/O CMOS Operational Amplifier
TLC070,Single Wide-Bandwidth High-Output-Drive Op Amp w/Shutdown
TLC080,Single Wide-Bandwidth High-Output Drive Single-Supply Op Amp With Shutdown
TLV2442-Q1,Automotive Advanced LinCMOS Rail-to-Rail Output Wide-Input-Voltage Operational Amplifiers
TLC2262A,Advanced LinCMOS™ Rail-To-Rail Dual Operational Amplifier
TLV2460,Single Low Power Rail-to-Rail Input/Output Operational Amplifier w/Shutdown
TLV2771,Single 2.7-V High Slew Rate Rail-to-Rail Output Operational Amplifier
LMV554,3 MHz Micropower RRO Amplifier
LMV861,Single 30 MHz Low Power CMOS EMI Hardened Operational Amplifiers
LMV881,23 MHz CMOS EMI Hardened Op Amp with 1.8V Shutdown Logic
TL5580,Dual Low-Noise Wide-Bandwidth Precision Amplifier
TLV2470,Single Low-Power Rail-to-Rail Input/Output Op Amp w/Shutdown
OPA2172,36-V Single-Supply 10-MHz Rail-to-Rail Output Operational Amplifier
LF347-N,Wide Bandwidth Quad JFET Input Operational Amplifiers
LMV772-Q1,Single/Dual/Quad Low Offset Low Noise RRO Operational Amplifiers
TLV2374,550-uA/Channel 3-MHz RRIO Op Amp
LMV792,17 MHz Low Noise CMOS Input 1.8V Operational Amplifiers with Shutdown
TLC2274,Quad Low-Noise Rail-To-Rail Operational Amplifier
TLE2061,JFET-Input High-Output-Drive uPower Operational Amplifier
OPA4314,Quad 3MHz Low-Power Low-Noise RRI/O 1.8V CMOS Operational Amplifier
LM7321,Single Ch RRIO High Output Current & Unlimited Cap Load +/-15V Op Amp
TLC2252-Q1,Automotive Advanced LinCMOS Rail-to-Rail Very Low-Power Operational Amplifier
TLV2322,Dual Low-Voltage uPower Operational Amplifier
OPA2705,12V Low Cost CMOS Rail-to-Rail I/O Operational Amplifier
TLC072,Dual Wide-Bandwidth High-Output-Drive Op Amp
TLC082,Dual Wide Bandwidth High Output Drive Single Supply Op Amp
TLV2461-Q1,Automotive Low-Power Rail-to-Rail Input/Output Operational Amplifier with Shutdown
TLV2760,Single 1.8-V Micro-power Rail-to-Rail Single Supply Amplifier with Shutdown
TLV2770,Single 2.7-V High-Slew-Rate Rail-to-Rail Output Operational Amplifier w/Shutdown
TLV2780,Single 1.8V RRIO 8MHz Amplifier with Shutdown
TLC2272-Q1,Automotive Catalog Advanced LinCMOS™ Rail-to-Rail Operational Amplifiers
LMC6041,CMOS Single Micropower Operational Amplifier
TLV27L2-Q1,Automotive 11-uA/Channel 160kHz RR-Out Dual Op Amp
OPA2137,Low Cost FET-Input Operational Amplifier
OPA2171-Q1,Automotive 36V Low Power RRO General Purpose Operational Amplifier
LMV934-N-Q1,Automotive Quad 1.8V RRIO Operational Amplifier
TLV2252-Q1,Automotive Advanced LinCMOS™ Rail-to-Rail Very Low-Power Operational Amplifier
TLE2071A,Excalibur Low-Noise High-Speed JFET-Input Operational Amplifier
TLV2374-Q1,Automotive 550-uA/Ch 3-MHz Rail-to-Rail Input/Output Operational Amplifiers
TLV2373,550-uA/Channel 3-MHz RRIO Op Amp with Shutdown
TLC2264,Quad Advanced LinCMOS™ Rail-To-Rail Operational Amplifier
TLC2254,Quad Rail-To-Rail uPower Operational Amplifier
TLC072A,Dual Wide-Bandwidth High-Output-Drive Op Amp
TLV2460-Q1,Automotive Catalog Low-Power Rail-to-Rail Input/Output Operational Amplifier with Shutdown
OPA2170-Q1,Automotive 36V microPower Rail-to-Rail Output General Purpose Op Amp in MicroPackages
TLV2771-Q1,Automotive 2.7-V High-Slew-Rate Rail-to-Rail Output Operational Amplifier With Shutdown
LMC660,CMOS Quad Operational Amplifier
OPA2345,Low Power Single-Supply Rail-To-Rail Operational Amplifiers MicroAmplifier™ Series
OPA2344,Low Power Single-Supply Rail-To-Rail Operational Amplifiers MicroAmplifier™ Ser
OPA2322,20MHz Low Noise 1.8V RRIO CMOS Operational Amplifier
OPA141,10MHz Single Supply Low Noise JFET Precision Amplifier
TLV2375,550-uA/Channel 3-MHz RRIO Op Amp with Shutdown
LMV654,12 MHz Low Voltage Low Power Amplifier
TLV4172,36-V Single-Supply 10-MHz Rail-to-Rail Output Operational Amplifier
OPA343,Single-Supply Rail-to-Rail Operational Amplifiers MicroAmplifier™ Series
LMC6036,Low Power 2.7V Single Supply CMOS Operational Amplifier
TLC082A,Dual Wide Bandwidth High Output Drive Single Supply Op Amp
TL054,Quad Enhanced JFET Precision Operational Amplifier
OPA4314-Q1,Automotive 3MHz Low-Power Low-Noise RRIO 1.8V CMOS Operational Amplifier
TLV2462,Dual Low-Power Rail-to-Rail Input/Output Operational Amplifier
OPA2172-Q1,Automotive 36-V Single-Supply 10-MHz Rail-to-Rail Output Operational Amplifier
TLV2472,Dual Low-Power Rail-to-Rail Input/Output Op Amp
TLC2264A,Advanced LinCMOS™ Rail-To-Rail Quad Operational Amplifier
OPA4377,Low-Cost Low Noise 5.5MHz CMOS Operational Amplifier
LMV774,Single/Dual/Quad Low Offset Low Noise RRO Operational Amplifiers
TLC2274-Q1,Automotive Catalog Advanced LinCMOS™ Rail-to-Rail Operational Amplifiers
OPA4316,10-MHz Low-Power Low-Noise RRIO 1.8-V CMOS Operational Amplifier
TLV2451A,Single Micropower Rail-To-Rail Input/Output Op Amp
LM7321-Q1,Single Ch RRIO High Output Current & Unlimited Cap Load +/-15V Op Amp
TLV2452,Dual Micropower Rail-To-Rail Input/Output Op Amp
TLV2762,Dual 1.8-V Micro-power Rail-to-Rail Single Supply Amplifier
TLV2450A,Single Micropower Rail-To-Rail Input/Output Op Amp w/Shutdown
TLV2242,Dual Micropower 2.5-V RRIO Single Supply Amplifier
TLV2471-Q1,Automotive 600-uA/Ch 2.8-MHz Rail-to-Rail Input/Output High-Drive Operational Amplifier
TLV2634,1-mA/CH 9-MHz RRO Op Amp
LM7301,4 MHz GBW Rail-to-Rail Input-Output Operational Amplifier in TinyPak Package
TLE2071A-Q1,Automotive Excalibur Low-Noise High-Speed JFET-Input Operational Amplifier
LM7322,Dual Ch Rail-to-Rail I/O High Output Current & Unlimited Cap Load +/-15V Op Amp
TLC082-Q1,Automotive Dual Wide Bandwidth High Output Drive Single Supply Op Amp
TL5580A,Dual Low-Noise Wide-Bandwidth Precision Amplifier
LM7341,Rail-to-Rail Input/Output 15V 4.6 MHz GBW Operational Amplifier in SOT-23 Package
MCP6294,10-MHz Low-Noise RRIO Operational Amplifier
LM6584,TFT-LCD Quad 13V RRIO High Output Current Operational Amplifier
LM7332,Dual Rail-to-Rail Input/Output 30V Wide Voltage Range High Output Operational Amplifier
OPA2343,Single-Supply Rail-to-Rail Operational Amplifiers MicroAmplifier™ Series
TLV2461A-Q1,Automotive Low-Power Rail-to-Rail Input/Output Operational Amplifier with Shutdown
OPA2322-Q1,Automotive 20-MHz Low-Noise 1.8-V RRI/O CMOS Op Amp
TLV2422,Dual Wide-Input-Voltage uPower Rail-To-Rail Single-Supply Operational Amplifier
TLV2453,Dual Micropower Rail-To-Rail Input/Output Op Amp w/Shutdown
TLV2463,Dual Low-Power Rail-to-Rail Input/Output Operational Amplifier w/Shutdown
TLV2772,Dual 2.7-V High Slew Rate Rail-To-Rail Output Operational Amplifier
TLV2782,Dual 1.8V RRIO 8MHz Amplifier
TLV2452A,Dual 23-uA 220-kHz Rail-to-Rail Input/Output Op Amp
LMV834,Quad 3.3 MHz Low Power CMOS EMI Hardened Operational Amplifier
LMV862,Dual 30 MHz Low Power CMOS EMI Hardened Operational Amplifiers
LMV852,Dual 8 MHz Low Power CMOS EMI Hardened Operational Amplifier
OPA2363,1.8V High CMR RRIO Op Amp with Shutdown
TLC2254-Q1,Automotive Advanced LinCMOS Rail-to-Rail Very Low-Power Operational Amplifier
TLV2471A,Single Low-Power Rail-to-Rail Input/Output Op Amp
OPA4170,36V microPower Rail-to-Rail Output Quad General Purpose Op Amp
OPA4171,36V Low Power RRO General Purpose Operational Amplifier
OPA725,OPA725 and OPA726 Series Very Low-Noise High-Speed 12V CMOS Op Amp
LM7322-Q1,Dual Ch Rail-to-Rail I/O High Output Current & Unlimited Cap Load +/-15V Op Amp
OPA341,Single 5.5MHz RRIO Low Power (OPA343 with Shutdown)
OPA743,12V 7MHz CMOS Rail-to-Rail I/O Operational Amplifier
TLC073,Dual Wide-Bandwidth High-Output-Drive Op Amp w/Shutdown
TLC083,Dual Wide Bandwidth High Output Drive Single Supply Op Amp With Shutdown
TLC084,Quad Wide Bandwidth High Output Drive Single Supply Op Amp
TLV2624,800 uA/ch 11MHz RRO Low Voltage Quad Channel Op Amp
OPA4342,Low Cost Low Power Rail-to-Rail Operational Amplifiers MicroAmplifier™ Series
OPA4374,Quad 6.5MHz 585uA Rail-to-Rail I/O CMOS Operational Amplifier
OPA4316-Q1,Automotive 10MHz Rail-to-Rail Input/Output Low-Voltage 1.8V CMOS Operational Amplifier
OPA4377-Q1,Automotive-Qualified CMOS Operational Amplifier With Low Noise and 5.5MHz GBW
TLV2462-Q1,Automotive Dual Low-Power Rail-to-Rail Input/Output Operational Amplifier
TLC074,Quad Wide-Bandwidth High-Output-Drive Op Amp
TLV2444,Rail-to-Rail Output Wide-Input-Voltage Quad Op Amp
OPA2364,1.8V High CMR RRIO Op Amp
LM8261,RRIO High Output Current & Unlimited Cap Load Op Amp in SOT23-5
LM10,Operational Amplifier and Voltage Reference
LPC662,Low Power CMOS Dual Operational Amplifier
TLV2264,Quad Rail-To-Rail Low-Voltage Low-Power Operational Amplifier
TLV2772A,Dual 2.7-V High-Slew-Rate Rail-to-Rail Output Operational Amplifier
TLE2142,Dual Low-Noise High-Speed Precision Operational Amplifier
OPA353,High-Speed Single-Supply Rail-to-Rail Operational Amplifiers MicroAmplifier™ Series
TLV2434,Rail-to-Rail Output Wide-Input-Voltage Quad Op Amp
TLV2763,Dual 1.8-V Micro-power Rail-to-Rail Single Supply Amplifier with Shutdown
TLV2460A-Q1,Automotive Low-Power Rail-to-Rail Input/Output Operational Amplifier with Shutdown
OPA4172,36-V Single-Supply 10-MHz Rail-to-Rail Output Operational Amplifier
TLE2062,Dual JFET-Input High-Output-Drive uPower Operational Amplifier
TLV2474,Quad Low-Power Rail-to-Rail Input/Output Op Amp
LM8262,RRIO High Output Current & Unlimited Cap Load Op Amp in MSOP
TLV2454,Quad Micropower Rail-To-Rail Input/Output Op Amp
TLV2464,Quad Low Power Rail-to-Rail Input/Output Operational Amplifier
TLV2254,Quad Rail-To-Rail Low-Voltage Low Power Operational Amplifier
TLV2772-Q1,Automotive 2.7-V High-Slew-Rate Rail-to-Rail Output Operational Amplifier With Shutdown
TLV2463-Q1,Automotive Low-Power Rail-to-Rail Input/Output Operational Amplifier with Shutdown
LMP7716Q,LMP7715/LMP7716/LMP7716Q Single and Dual Precision 17 MHz Low Noise CMOS Inpu
LM359,Dual High Speed Programmable Current Mode (Norton) Amplifiers
TLE2161A,Excalibur JFET-Input High-Output-Drive uPower Operational Amplifier
LM6211,Low Noise RRO Operational Amplifier with CMOS Input and 24V Operation
OPA4170-Q1,Automotive 36V microPower Rail-to-Rail Output General Purpose Op Amp in MicroPackages
OPA4171-Q1,Automotive Catalog 36V Low Power RRO General Purpose Operational Amplifier
TLV2764,Quad 1.8-V Micro-power Rail-to-Rail Single Supply Amplifier
OPA4705,12V Low Cost CMOS Rail-to-Rail I/O Operational Amplifier
TLV2244,Quad Micropower 2.5-V RRIO Single Supply Amplifier
TLV2324,Quad Low-Voltage Micropower Operational Amplifier
TLV2772A-Q1,Automotive 2.7-V High-Slew-Rate Rail-to-Rail Output Operational Amplifier With Shutdown
TLV2462A,Dual Low-Power Rail-to-Rail Input/Output Operational Amplifier
OPA4322,20MHz Low Noise 1.8V RRIO CMOS Operational Amplifier
OPA4137,Low Cost FET-Input Operational Amplifiers
TLV2464A,Quad Low Power Rail-to-Rail Input/Output Operational Amplifier
TLC075A,Quad Wide-Bandwidth High-Output-Drive Op Amp w/Shutdown
TLC084-Q1,Automotive Wide-Bandwidth High-Output-Drive Single-Supply Operational Amplifiers
TLV2472A,Dual Low-Power Rail-to-Rail Input/Output Op Amp
TLC084A,Quad Wide Bandwidth High Output Drive Single Supply Op Amp
OPA2141,10MHz Single Supply Low Noise JFET Precision Amplifier
LMV854,Quad 8 MHz Low Power CMOS EMI Hardened Operational Amplifier
LM258A-EP,Enhanced Product Dual Operational Amplifiers
TLE2142-Q1,Automotive Dual Low-Noise High-Speed Precision Operational Amplifier
OPA4172-Q1,Automotive 36-V Single-Supply 10-MHz Rail-to-Rail Output Operational Amplifier
TLC085,Quad Wide Bandwidth High Output Drive Single Supply Op Amp
TLV2784,Quad 1.8V RRIO 8MHz Amplifier
OPA4344,Low Power Single-Supply Rail-To-Rail Operational Amplifiers MicroAmplifier™ Series
TLV2774,Quad 2.7-V High-Slew-Rate Rail-to-Rail Output Operational Amplifier
TLE2142M-D,High Speed High Drive Precision Dual Operational Amplifier
TLV2454A,Quad Micropower Rail-To-Rail Input/Output Op Amp
LM8272,RRIO High Output Current & Unlimited Cap Load Op Amp in Miniature Package
TLV2472-Q1,Automotive 600-uA/Ch 2.8-MHz Rail-to-Rail Input/Output High-Drive Operational Amplifier
TLC2272M,Rail-To-Rail Low Noise Advanced LinCMOS™ Dual Operational Amplifier
TLV2474-Q1,Automotive 600-uA/Ch 2.8-MHz Rail-to-Rail Input/Output High-Drive Operational Amplifier
TLV2464A-Q1,Automotive Low-Power Rail-to-Rail Input/Output Operational Amplifier with Shutdown
TLC074A,Quad Wide-Bandwidth High-Output-Drive Op Amp
TLV2783,Dual 1.8V RRIO 8MHz Amplifier with Shutdown
TLV2462A-Q1,Automotive Low-Power Rail-to-Rail Input/Output Operational Amplifier with Shutdown
OPA726,OPA725 and OPA726 Series Very Low-Noise High-Speed 12V CMOS Op Amp
OPA4322-Q1,20-MHz Low-Noise 1.8-V RRI/O CMOS Op Amp with Shutdown
LM6132,Dual Low Power 10 MHz Rail-to-Rail I/O Operational Amplifier
LPC660,Low Power CMOS Quad Operational Amplifier
OPA4364,1.8V High CMR RRIO Op Amp
TLC085A,Quad Wide Bandwidth High Output Drive Single Supply Op Amp
TLV2775,Quad 2.7-V High-Slew-Rate Rail-to-Rail Output Operational Amplifier w/Shutdown
TLV2463A-Q1,Automotive Low-Power Rail-to-Rail Input/Output Operational Amplifier with Shutdown
OPA2131,General Purpose FET-Input Operational Amplifiers
OPA130,Low Power Precision FET-Input Operational Amplifiers
OPA2341,Dual RRIO Single Supply 5.5MHz Op Amp with Shutdown
TLV2455,Quad Micropower Rail-To-Rail Input/Output Op Amp w/Shutdown
OPA2314-EP,Enhanced Product Low-Power Low-Noise RRIO 1.8V CMOS Op Amp
TLE2072A,Excalibur Low-Noise High-Speed JFET-Input Dual Operational Amplifier
TLV2473A,Dual Low-Power Rail-to-Rail Input/Output Op Amp w/Shutdown
TLV2342,Dual LinCMOS™ Low-Voltage High-Speed Operational Amplifier
TLV2765,Quad 1.8-V Micro-power Rail-to-Rail Single Supply Amplifier with Shutdown
TLV2474A,Quad Low-Power Rail-to-Rail Input/Output Op Amp
OPA4244,MicroPower Single-Supply Operational Amplifier MicroAmplifier™ Series
TLV2475,Quad Low-Power Rail-to-Rail Input/Output Op Amp w/Shutdown
TLV2374-EP,Enhanced Product 550-Ua/Ch 3-Mhz Rail-To-Rail Input/Output Operational Amplifiers
TLV2472A-Q1,Automotive 600-uA/Ch 2.8-MHz Rail-to-Rail Input/Output High-Drive Operational Amplifier
OPA2743,12V 7MHz Rail-to-Rail I/O Dual Operational Amplifier
TLE2144,Quad Low-Noise High-Speed Precision Operational Amplifier
TLV2371-EP,Enhanced Product 550-Ua/Ch 3-Mhz Rail-To-Rail Input/Output Operational Amplifiers
OPA4364-Q1,Automotive 1.8V High CMR RRIO Op Amp
LM6142,Dual High Speed/Low Power 17 MHz Rail-to-Rail I/O Operational Amplifier
LM6134,Quad Low Power 10 MHz Rail-to-Rail I/O Operational Amplifier
OPA4343,Single-Supply Rail-to-Rail Operational Amplifiers MicroAmplifier™ Series
TLE2072A-Q1,Automotive Excalibur Low-Noise High-Speed JFET-Input Operational Amplifier
TLV2474A-Q1,Automotive 600-uA/Ch 2.8-MHz Rail-to-Rail Input/Output High-Drive Operational Amplifier
TLV2774A,Quad 2.7-V High-Slew-Rate Rail-to-Rail Output Operational Amplifier
TLE2064,Quad JFET-Input High-Output-Drive uPower Operational Amplifier
OPA4141,10MHz Single Supply Low Noise JFET Precision Amplifier
OPA2353,High-Speed Single-Supply Rail-to-Rail Operational Amplifiers MicroAmplifier™ Series
TL034A,Enhanced-JFET Low-Power Low-Offset Quad Operational Amplifier
OPA2725,Dual Very Low Noise High-Speed 12V CMOS Operational Amplifier
TLE2024-Q1,Automotive High-Speed Low-Power Precision Op Amps
TLE2024,Quad Precision Low-Power Single Supply Operational Amplifier
TLE2061M-D,JFET-Input Low Power High Drive Single Operational Amplifier
TLV2772AM-D,Dual 2.7-V High-Slew-Rate Rail-to-Rail Output Operational Amplifier
TLE2074,Quad Low-Noise High-Speed JFET-Input Operational Amplifier
OPA2726,Dual Very Low Noise High-Speed 12V CMOS Operational Amplifier
TLV2475A,Quad Low-Power Rail-to-Rail Input/Output Op Amp w/Shutdown
TLV2775A,Quad 2.7-V High-Slew-Rate Rail-to-Rail Output Operational Amplifier w/Shutdown
TLC2274-EP,Enhanced Product Advanced Lincmos(Tm) Rail-To-Rail Operational Amplifiers
TLE2144M-D,High Speed High Drive Precision Quad Operational Amplifier
OPA2130,Low Power Precision FET-Input Operational Amplifiers
TLE2024-EP,Enhanced Product Excalibur High-Speed Low-Power Precision Op Amps
TLE2064A,Excalibur JFET-Input High-Output-Drive uPower Quad Operational Amplifier
TLV2774-EP,Enhanced Product 2.7-V High-Slew-Rate Rail-To-Rail Output Operational Amplifier W/ Shutdown
TLV2774A-EP,Enhanced Product 2.7-V High-Slew-Rate Rail-To-Rail Output Operational Amplifier W/ Shutdown
TLE2062M-D,JFET-Input Low Power High Drive Dual Operational Amplifier
OPA4353,High-Speed Single-Supply Rail-to-Rail Operational Amplifiers MicroAmplifier™ Series
TLE2144A,Excalibur Low-Noise High-Speed Precision Quad Operational Amplifier
TL054A,Enhanced-JFET Precision Quad Operational Amplifier
TLV2772A-EP,Enhanced Product 2.7-V High-Slew-Rate Rail-To-Rail Output Operational Amplifier W/ Shutdown
TLE2144-EP,Enhanced Product Excaliber Low-Noise High-Speed Precision Quad Operational Amplifier
LM747,Dual Operational Amplifier
LM6144,Quad High Speed/Low Power 17 MHz Rail-to-Rail I/O Operational Amplifier
TLE2062AM-D,JFET-Input Low Power High Drive Dual Operational Amplifier
OPA4131,General Purpose FET-Input Operational Amplifiers
TLV2462A-EP,Enhanced Product Low-Power Rail-To-Rail Input/Output Operational Amplifier With Shutdown
TLV2464A-EP,Enhanced Product Low-Power Rail-To-Rail Input/Output Operational Amplifier With Shutdown
LM224-N,Low Power Quad Operational Amplifier
TLE2064M-D,JFET-Input Low Power High Drive Quad Operational Amplifier
OPA4130,Low Power Precision FET-Input Operational Amplifiers
LM258-N,Low Power Dual Operational Amplifier
LM158-N,Low Power Dual Operational Amplifier
LM201A-N,Operational Amplifier
LM124-N,Low Power Quad Operational Amplifier
LM101A-N,Operational Amplifier
LM1558,Dual Operational Amplifier
LF256,JFET Input Operational Amplifier
OPA2171-EP,36-V Single-Supply SOT553 General-Purpose Operational Amplifiers
OPA4132,High Speed FET-Input Operational Amplifiers
LM148-N,Series Quad 741 Op Amp
TLE2064AM-D,JFET-Input Low Power High Drive Quad Operational Amplifier
LM118-N,Operational Amplifier
OPA2348-HIREL,1MHz 45uA RRIO Dual Op Amp
LF147,Wide Bandwidth Quad JFET Input Operational Amplifiers
LF156,JFET Input Operational Amplifiers
LM148,Quad General-Purpose Operational Amplifier
LM158,Dual General-Purpose Operational Amplifier
LM124A,Quadruple Operational Amplifier
LM124M,Quadruple Operational Amplifier
LM158A,Dual General Purpose Bipolar Operational Amplifier
TL064M,Low-Power JFET-Input Quad Operational Amplifier
LM10QML,Operational Amplifier and Voltage Reference
MC1558M,Dual General-Purpose Operational Amplifier
LF156QML,JFET Input Operational Amplifiers
LF444QML,Quad Low Power JFET Input Operational Amplifier
LM118QML,Operational Amplifier
LM124-SP,Quadruple Operational Amplifier
LM741QML,Operational Amplifier
LT1013AM,Dual Precision Operational Amplifier
TLC2252M,Rail-To-Rail uPower Advanced LinCMOS™ Dual Operational Amplifier
TLC2262M,Rail-To-Rail Low Power Advanced LinCMOS™ Dual Operational Amplifier
TLE2021B,Excalibur High-Speed Low-Power Precision Operational Amplifier
TLE2024M,High-Speed Low-Power Precision Quad Operational Amplifier
TLE2061M,JFET-Input Low Power High Drive Single Operational Amplifier
TLE2062M,JFET-Input Low Power High Drive Dual Operational Amplifier
TLE2064M,JFET-Input Low Power High Drive Quad Operational Amplifier
TLE2071M,JFET-Input High Speed Low Noise Single Operational Amplifier
TLE2072M,JFET-Input High Speed Low Noise Dual Operational Amplifier
TLE2074M,JFET-Input High Speed Low Noise Quad Operational Amplifier
TLE2142M,High Speed High Drive Precision Dual Operational Amplifier
TLE2144M,High Speed High Drive Precision Quad Operational Amplifier
TLE2161M,JFET-Input Low Power High Drive Decompensated Single Operational Amplifier
TLV2252M,Low Voltage Rail-To-Rail Micropower Advanced LinCMOS™ Dual Operational Amplifier
TLV2262M,Low Voltage Rail-To-Rail Low Power Advanced LinCMOS™ Dual Operational Amplifier
TLV2422M,Dual Wide-Input-Voltage uPower Rail-To-Rail Single-Supply Operational Amplifier
TLV2442M,Advanced LinCMOS™ Rail-to-Rail Output Wide-Input-Voltage Dual Operational Amplifier
TLV2460M,Single Low Power Rail-to-Rail Input/Output Operational Amplifier w/Shutdown
TLV2461M,Single Low Power Rail-to-Rail Input/Output Operational Amplifier
TLV2462M,Dual Low-Power Rail-to-Rail Input/Output Operational Amplifier
LM101AQML,Operational Amplifier
LM124AQML,Low Power Quad Operational Amplifier
LM1558QML,Dual Operational Amplifier
TLC2262AM,Rail-To-Rail Low Power Advanced LinCMOS™ Dual Operational Amplifier
TLC2264AM,Rail-To-Rail Low Power Precision Advanced LinCMOS™ Quad Operational Amplifier
TLE2022BM,High-Speed Low-Power Precision Dual Operational Amplifier
TLE2061AM,Excalibur JFET-Input Low Power High Drive Single Operational Amplifier
TLE2062AM,JFET-Input Low Power High Drive Dual Operational Amplifier
TLE2064AM,JFET-Input Low Power High Drive Quad Operational Amplifier
TLE2064BM,JFET-Input Low Power High Drive Quad Operational Amplifier
TLE2071AM,JFET-Input High Speed Low Noise Single Operational Amplifier
TLE2072AM,JFET-Input High Speed Low Noise Dual Operational Amplifier
TLE2074AM,JFET-Input High Speed Low Noise Quad Operational Amplifier
TLE2144AM,High Speed High Drive Precision Quad Operational Amplifier
TLE2161AM,Excalibur JFET-Input High-Output-Drive uPower Operational Amplifier
TLE2161BM,JFET-Input Low Power High Drive Decompensated Single Operational Amplifier
TLV2462AM,Dual Low-Power Rail-to-Rail Input/Output Operational Amplifier
TLV2463AM,Dual Low-Power Rail-to-Rail Input/Output Operational Amplifier w/Shutdown
TLV2772AM,Dual 2.7-V High-Slew-Rate Rail-to-Rail Output Operational Amplifier
TLC2274-HT,ADVANCED LinCMOS™ RAIL-TO-RAIL OPERATIONAL AMPLIFIERS
LF411QML-SP,Low Offset Low Drift JFET Input Operational Amplifier
LM148JAN-SP,Quad 741 Op Amp
LM158QML-SP,Low Power Dual Operational Amplifier
LM124AQML-SP,Low Power Quad Operational Amplifier